a,b,a,b,a,b
12960,?ㅽ?踰낆뒪而ㅽ뵾 ?쒓컯??μ뿭,?쒖슱?밸퀎??留덊룷援???λ룞 111-1踰덉?,,而ㅽ뵾??194765.5276,449557.9208
12984,?ㅽ?踰낆뒪留덊룷寃쎌같?쒗썑臾?而ㅽ뵾??195829.9552,?쒖슱?밸퀎??留덊룷援??꾪쁽??618-19踰덉? 留덊룷 ?쇳? ?щ줈?곗뒪?섏뼱,,449860.5754,
12985,?ㅽ?踰낆뒪怨듬뜒,?쒖슱?밸퀎??留덊룷援?怨듬뜒??254-8踰덉? ?숇갑鍮뚮뵫,,而ㅽ뵾??195775.0185,449299.5214
13012,而ㅽ뵾??193316.9003,?쒖슱?밸퀎??留덊룷援??숆탳??166-1踰덉? 吏??~吏??痢??ㅽ?踰낆뒪 ?띾?怨듯빆泥좊룄??젏,,450586.8651,
13038,?ㅽ?踰낆뒪 ?⑹젙?대━?짺,?쒖슱?밸퀎??留덊룷援??쒓탳??490踰덉? 硫붿꽭?섑뤃由ъ뒪,,而ㅽ뵾??192311.6426,449855.6439
13419,445336.4638,?쒖슱?밸퀎??媛뺣궓援??쇳쁽??142-2踰덉? JS???吏??痢??ㅽ?踰낆뒪 ?쇳쁽??궗嫄곕━??而ㅽ뵾??201908.7511,,,
13421,445028.2094,?쒖슱?밸퀎??媛뺣궓援??移섎룞 944-31踰덉? ?쒓뎅?ъ쑀?곗뾽?고빀??吏??痢??ㅽ?踰낆뒪 ?쇱꽦??꽟?좎꽱?캲??而ㅽ뵾??205291.4867,,,
14381,?ㅽ?踰낆뒪?곷벑?ъ뿭??而ㅽ뵾??191908.1188,?쒖슱?밸퀎???곷벑?ш뎄 ?곷벑?щ룞1媛 143-3踰덉? ?곷벑??J&S,,446086.8191,
17300,?ㅽ?踰낆뒪 媛뺣룞?붿궗DT,?쒖슱?밸퀎??媛뺣룞援??붿궗??441-12踰덉?,,而ㅽ뵾??211419.2273,450316.3871
17577,而ㅽ뵾??205464.7204,?쒖슱?밸퀎??媛뺣궓援??移섎룞 599踰덉? ??먮퉴???ㅽ?踰낆뒪 ?ㅽ깉由??移쁒,,443592.9735,
17793,?ㅽ?踰낆뒪 ?고빀?댁뒪??而ㅽ뵾??198207,?쒖슱?밸퀎??醫낅줈援??섏넚??110踰덉? ?고빀?댁뒪鍮뚮뵫,,452455.8332,
27101,而ㅽ뵾??197612.9951,?쒖슱?밸퀎??以묎뎄 ?⑤?臾몃줈5媛 84-11踰덉? 1痢??ㅽ?踰낆뒪 ?곗꽭?몃툕??ㅼ젏,,450539.8577,
27646,而ㅽ뵾??205391.0704,?쒖슱?밸퀎???몄썝援??붽퀎??333-1踰덉? ?붽퀎?몃젅?대뜑???ㅽ?踰낆뒪 ?붽퀎?몃젅?대뜑?ㅼ젏,,458333.9892,
28690,而ㅽ뵾??205793.6276,?쒖슱?밸퀎???몄썝援??곴퀎??372-16踰덉? 1~2痢??ㅽ?踰낆뒪?곴퀎珥덇탳?ш굅由ъ젏,,461589.2557,
29955,而ㅽ뵾??203723.0958,?쒖슱?밸퀎??媛뺣궓援???궪??721-13踰덉? ?꾨젅?섎퉴???ㅽ?踰낆뒪 ??궪?꾨젅?섎퉴?⑹젏,,444322.7362,
30366,?ㅽ?踰낆뒪 ??쒖긽怨듯쉶?섏냼R??而ㅽ뵾??197620.6489,?쒖슱?밸퀎??以묎뎄 ?⑤?臾몃줈4媛 45踰덉? ??쒖꽌?몄긽怨듯쉶?섏냼,,450919.8743,
33049,?ㅽ?踰낆뒪 李쎈룞?대쭏?몄젏,?쒖슱?밸퀎???꾨큺援?李쎈룞 135-26踰덉? 李쎈룞EMART,,而ㅽ뵾??204107.0903,461072.6424
33570,?ㅽ?踰낆뒪 媛뺣룞援ъ껌DT??而ㅽ뵾??210872.7504,?쒖슱?밸퀎??媛뺣룞援??깅궡??550踰덉?,,447441.9151,
34161,而ㅽ뵾??193851.7999,?쒖슱?밸퀎???곷벑?ш뎄 ?ъ쓽?꾨룞 55-2踰덉? 101~104???ㅽ?踰낆뒪?쏄컯??젏,,446223.4985,
39993,而ㅽ뵾??200567.8932,?쒖슱?밸퀎??以묎뎄 愿묓씗??媛 185-1踰덉? 吏??痢?吏??痢??ㅽ?踰낆뒪 ?숇?臾멸났?먯젏,,451437.3288,
40024,459002.3866,?쒖슱?밸퀎????됯뎄 吏꾧???100-6踰덉? 硫붿씠?뚯뭅?댄떚2李?113~116???ㅽ?踰낆뒪而ㅽ뵾 援ы뙆諛쒖뿭??而ㅽ뵾??192902.5587,,,
40080,451579.6342,?쒖슱?밸퀎??以묎뎄 ?꾩?濡?媛 6踰덉? ?댁쇅鍮뚮뵫 1痢??ㅽ?踰낆뒪 ?꾩?濡쒕궡?몃퉴?쯗??而ㅽ뵾??198477.5172,,,
40086,而ㅽ뵾??193475.5671,?쒖슱?밸퀎????됯뎄 ?묒븫??96-1踰덉? 1痢??ㅽ?踰낆뒪而ㅽ뵾 ??됯뎄泥?엯援ъ젏,,455434.5453,
40206,而ㅽ뵾??198232.0039,?쒖슱?밸퀎??以묎뎄 ?뚭났??70踰덉? 議곗꽑?명뀛 1痢??ㅽ?踰낆뒪 ?뚭났濡쒖젏,,451276.3073,
40207,450953.928,?쒖슱?밸퀎??以묎뎄 異⑸Т濡?媛 25-52踰덉? 1痢?5痢??ㅽ?踰낆뒪 紐낅룞??而ㅽ뵾??198437.6434,,,
40225,而ㅽ뵾??203189.7761,?쒖슱?밸퀎???쒖큹援??묒옱??14-4踰덉? 1痢??ㅽ?踰낆뒪而ㅽ뵾 ?묒옱??젏,,442243.6914,
40227,而ㅽ뵾??193795.6214,?쒖슱?밸퀎???쒕?臾멸뎄 ?고씗??188-2踰덉? 1痢??ㅽ?踰낆뒪 ?고씗?숈젏,,451616.2968,
40228,?ㅽ?踰낆뒪 ?쒖냼臾몃같??而ㅽ뵾??197470.5355,?쒖슱?밸퀎??以묎뎄 ?쒖냼臾몃룞 57-9踰덉? (1痢?,,451184.5912,
40264,?ㅽ?踰낆뒪怨좊???而ㅽ뵾??202556.2755,?쒖슱?밸퀎???깅턿援??덉븫??媛 104-30踰덉?,,453517.967,
40312,而ㅽ뵾??187891.3789,?쒖슱?밸퀎???묒쿇援??좎젙??900-10踰덉? 吏??痢??ㅽ?踰낆뒪紐⑸룞??젏,,447174.3792,
40368,而ㅽ뵾??198353.8211,?쒖슱?밸퀎???쒖큹援?諛⑸같??444-7踰덉? 1痢?4痢??ㅽ?踰낆뒪而ㅽ뵾 ?щ떦濡쒕뜲?ㅼ젏,,441680.7758,
40384,而ㅽ뵾??198263.9084,?쒖슱?밸퀎??以묎뎄 異⑸Т濡?媛 52-5踰덉? 5痢??ㅽ?踰낆뒪 ?좎꽭怨꾨낯??5F,,450960.763,
40453,444644.7712,?쒖슱?밸퀎???쒖큹援?諛섑룷??118-3踰덉? ???꾩? 4痢?BP4-9???ㅽ?踰낆뒪 ?뚮??먰뙆?촔??而ㅽ뵾??200514.003,,,
40504,而ㅽ뵾??195993.9946,?쒖슱?밸퀎???쒕?臾멸뎄 遺곸븘?꾨룞 149踰덉? e?명븳?몄긽?좎큿 1痢??곴???107???ㅽ?踰낆뒪 ?꾪쁽??젏,,450618.5921,
40585,而ㅽ뵾??200478.4265,?쒖슱?밸퀎??以묎뎄 ?μ땐??媛 62-35踰덉? 1痢??ㅽ?踰낆뒪 ?숇??낃뎄??젏,,450822.6102,
40696,448282.2561,?쒖슱?밸퀎???묒쿇援?紐⑸룞 908-34踰덉? 遺?곴렇由고???3李?1??116???ㅽ?踰낆뒪而ㅽ뵾紐⑸룞5?⑥???而ㅽ뵾??189519.8625,,,
40712,?ㅽ?踰낆뒪而ㅽ뵾?고씗DT??而ㅽ뵾??194096.2291,?쒖슱?밸퀎???쒕?臾멸뎄 ?고씗??87-7踰덉? ??1?꾩?(87-8) 1~2痢??꾩껜,,451998.6006,
40736,而ㅽ뵾??194584.9592,?쒖슱?밸퀎???쒕?臾멸뎄 ?좎큿??134踰덉? 諛깆뼇濡쒖옱李쎌“而댄뵆?됱뒪 吏??痢??ㅽ?踰낆뒪而ㅽ뵾 ?곗꽭諛깆뼇濡쒖젏,,451381.5855,
40756,451267.7309,?쒖슱?밸퀎???깅룞援??됰떦??168-200踰덉? ?뺤떗由щ??먯뿭??enter-6) 吏??痢??ㅽ?踰낆뒪?뷀꽣?앹뒪??而ㅽ뵾??203292.1519,,,
40769,451484.997,?쒖슱?밸퀎??以묎뎄 ?꾩?濡?媛 198踰덉? OPUS11鍮뚮뵫 1痢??ㅽ?踰낆뒪 ?꾩?濡쒗븳援?퉴??而ㅽ뵾??198459.6563,,,
40795,442054.4252,?쒖슱?밸퀎???쒖큹援??쒖큹??1464-22踰덉? 1痢??ㅽ?踰낆뒪而ㅽ뵾 ?쒖슱?꾪듃?쇳꽣??而ㅽ뵾??201023.3781,,,
40865,而ㅽ뵾??200250.4478,?쒖슱?밸퀎???쒖큹援?諛섑룷??19-3踰덉? ?쇳듃?댁떆??106??STARBUCKS COFFEE(?ㅽ?踰낆뒪而ㅽ뵾 ?쇳듃?댁떆?곗젏),,444683.2205,
40879,444504.1128,?쒖슱?밸퀎???쒖큹援??쒖큹??1303-16踰덉? B102~B105???ㅽ?踰낆뒪而ㅽ뵾 媛뺣궓?먮퉬??而ㅽ뵾??202044.6291,,,
40885,451195,?쒖슱?밸퀎??以묎뎄 ?쒖냼臾몃룞 75踰덉? 吏??痢??ㅽ?踰낆뒪 ?쒖냼臾몃줈??而ㅽ뵾??197693,,,
40888,?ㅽ?踰낆뒪 ?곸솗??━??젏,?쒖슱?밸퀎???깅룞援??섏솗??━??1070-3踰덉?,,而ㅽ뵾??202407.0875,451424.1977
40890,而ㅽ뵾??198420.987,?쒖슱?밸퀎??以묎뎄 ?뚰쁽??媛 88踰덉? ?ㅽ뀒?댄듃 ?⑥궛 吏??痢?B107???ㅽ?踰낆뒪 ?⑥궛?ㅽ뀒?댄듃,,450877.8749,
40938,?ㅽ?踰낆뒪 異⑹젙濡쒖뿭??而ㅽ뵾??196662.3352,?쒖슱?밸퀎???쒕?臾멸뎄 異⑹젙濡?媛 470踰덉?,,450999.9,
40959,451259.6719,?쒖슱?밸퀎??以묎뎄 ?쒗솕??1-170踰덉? ?먯씠?ㅽ???1痢??ㅽ?踰낆뒪 ?쒗솕?숈뿉?댁뒪??而ㅽ뵾??197214.2058,,,
41067,451559.1843,?쒖슱?밸퀎??以묎뎄 ?꾩?濡?媛 50踰덉? ?쇱꽦?붿옱 ?쇱꽦鍮뚮뵫 1痢??ㅽ?踰낆뒪 ?쒖껌 ?뚮윭??而ㅽ뵾??198160.4203,,,
41068,451559.1843,?쒖슱?밸퀎??以묎뎄 ?꾩?濡?媛 50踰덉? ?쇱꽦?붿옱 ?쇱꽦鍮뚮뵫 1痢??ㅽ?踰낆뒪 ?쒖슱?쒖껌??而ㅽ뵾??198160.4203,,,
41170,449934.1578,?쒖슱?밸퀎???⑹궛援??숈옄??45踰덉? KDB?앸챸???吏??痢?117???ㅽ?踰낆뒪而ㅽ뵾 ?쒖슱??룞?먮룞??而ㅽ뵾??197563.0698,,,
41182,而ㅽ뵾??198346.5368,?쒖슱?밸퀎??以묎뎄 異⑸Т濡?媛 21-1踰덉? 1痢?2痢??ㅽ?踰낆뒪 ?쒖슱以묒븰?곗껜援?젏,,451039.715,
41373,451253.6425,?쒖슱?밸퀎??以묎뎄 紐낅룞2媛 2-8踰덉? 3痢??ㅽ?踰낆뒪 紐낅룞以묒븰濡?而ㅽ뵾??198671.6278,,,
41419,?ㅽ?踰낆뒪 ?깆떊?щ???而ㅽ뵾??201557.0137,?쒖슱?밸퀎???깅턿援??숈꽑??媛 92-1踰덉?,,454536.0132,
41446,?ㅽ?踰낆뒪?쒕궓?셊??而ㅽ뵾??200896.2084,?쒖슱?밸퀎???⑹궛援??쒕궓??36-7踰덉?,,448060.5027,
41570,而ㅽ뵾??198365.141,?쒖슱?밸퀎??以묎뎄 ?ㅻ룞 111踰덉? 1痢??ㅽ?踰낆뒪 ?꾩?濡쒓뎅?쒕퉴?⑹젏,,451631.1876,
41701,451583,?쒖슱?밸퀎??以묎뎄 ?꾩?濡?媛 88-5踰덉? 1痢??ㅽ?踰낆뒪 ?꾩?濡?媛??而ㅽ뵾??198869,,,
41749,?ㅽ?踰낆뒪 ?좊떦??젏,?쒖슱?밸퀎??以묎뎄 ?μ씤??132踰덉?,,而ㅽ뵾??201198.0189,451459.4911
41819,而ㅽ뵾??192976.6252,?쒖슱?밸퀎????됯뎄 吏꾧???65踰덉? 101??105??108???ㅽ?踰낆뒪 援ы뙆諛쒖궗嫄곕━,,460038.6713,
41831,而ㅽ뵾??202355.1981,?쒖슱?밸퀎???쒖큹援??쒖큹??1327-29踰덉? ?쒖큹?뚮씪怨?106???ㅽ?踰낆뒪而ㅽ뵾 ?쒖큹?뚮씪怨ㅼ젏,,443637.8891,
42078,?ㅽ?踰낆뒪?⑥쁺??而ㅽ뵾??197477.9826,?쒖슱?밸퀎???⑹궛援?媛덉썡??90-8,,448957.2477,
42085,而ㅽ뵾??198994.0019,?쒖슱?밸퀎???⑹궛援??⑹궛??媛 ??1-3踰덉? 1痢??ㅽ?踰낆뒪?쒖슱??뚯젏,,449630.9532,
42087,而ㅽ뵾??201837.5694,?쒖슱?밸퀎???쒖큹援??쒖큹??1439-14踰덉? 1痢??ㅽ?踰낆뒪而ㅽ뵾 ?쒖큹?숈젏,,442638.7807,
42116,451658.3045,?쒖슱?밸퀎??以묎뎄 ?쇨컖??115踰덉? 1痢??ㅽ?踰낆뒪 ?꾩?濡쒓꼍湲곕퉴??而ㅽ뵾??198448.8484,,,
42150,456227.5717,?쒖슱?밸퀎???깅턿援?湲몄쓬??20-1 ?꾨?諛깊솕?먯???痢??ㅽ?踰낆뒪?꾨?誘몄븘??而ㅽ뵾??202466.8011,,,
42215,450838.5976,?쒖슱?밸퀎???쒕?臾멸뎄 異⑹젙濡?媛 464踰덉? (101?? 吏??痢??ㅽ?踰낆뒪異⑹젙???而ㅽ뵾??196752.764,,,
42288,451427.349,?쒖슱?밸퀎??以묎뎄 ?꾩?濡?媛 199-33踰덉? 1痢??ㅽ?踰낆뒪 紐낅룞硫뷀듃濡?而ㅽ뵾??198492.8019,,,
42345,446655.868,?쒖슱?밸퀎???묒쿇援??좎젙??981-15踰덉? 吏??~2痢??ㅽ?踰낆뒪?좎젙DT??而ㅽ뵾??187455.9465,,,
42424,451623.0202,?쒖슱?밸퀎??以묎뎄 ?꾩?濡?媛 204踰덉? ?쇳솕???1痢?101???ㅽ?踰낆뒪 ?꾩?濡쒖궪?뷀???而ㅽ뵾??198591.4875,,,
42531,而ㅽ뵾??197964.0955,?쒖슱?밸퀎??以묎뎄 ?쒗룊濡?媛 25踰덉? 1痢??ㅽ?踰낆뒪 ?쒓뎅?꾨젅?ㅼ꽱?곗젏,,451694.0357,
42596,443800.338,?쒖슱?밸퀎???쒖큹援??쒖큹??1699-3 1痢??ㅽ?踰낆뒪而ㅽ뵾 援먮?踰뺤썝??而ㅽ뵾??201114.6618,,,
42612,?ㅽ?踰낆뒪 ??곗옱?⑤퉴?⑹젏,?쒖슱?밸퀎??以묎뎄 ?⑤?臾몃줈5媛 526踰덉? ??곗옱?⑤퉴??1痢?-1 ~ 2痢?2-1A,,而ㅽ뵾??197738.779,450468.9431
42723,446489.6747,?쒖슱?밸퀎???묒쿇援??좎젙??319-23踰덉? ?좏뵾?꾨퉴??吏??痢??ㅽ?踰낆뒪紐⑸룞8?⑥???而ㅽ뵾??188335.8559,,,
42873,而ㅽ뵾??200362.9989,?쒖슱?밸퀎???깅턿援??깅턿??媛 35-1踰덉? 101???ㅽ?踰낆뒪 ?쒖꽦??낃뎄??젏,,454081.3418,
42904,451271.2187,?쒖슱?밸퀎??以묎뎄 紐낅룞2媛 2-16踰덉? 1.2.3痢??ㅽ?踰낆뒪 紐낅룞 以묒븰濡?而ㅽ뵾??198674.6736,,,
43042,?ㅽ?踰낆뒪而ㅽ뵾 媛뺣궓GT??뚯젏,?쒖슱?밸퀎???쒖큹援??쒖큹??1317-23 GT??뚮룞愿 (1痢?),,而ㅽ뵾??202247.7061,443957.177
43099,?ㅽ?踰낆뒪 ?깆닔?대쭏?몄젏,?쒖슱?밸퀎???깅룞援??깆닔??媛 333-16踰덉? ?대쭏?몃ℓ??(吏??痢?,,而ㅽ뵾??204614.2727,448607.4413
43242,444789.8017,?쒖슱?밸퀎???쒖큹援?諛섑룷??748-1 1痢??ㅽ?踰낆뒪而ㅽ뵾 ?좊끉?꾩뿭??而ㅽ뵾??202020.5407,,,
43245,?ㅽ?踰낆뒪 ?좎꽭怨꾨낯??F,?쒖슱?밸퀎??以묎뎄 異⑸Т濡?媛 54踰덉? ?좎꽭怨꾨갚?붿젏6F,,而ㅽ뵾??198253.896,450905.2845
43256,?ㅽ?踰낆뒪 以묎뎄??숈젏,?쒖슱?밸퀎??以묎뎄 ???媛 24-1踰덉?,,而ㅽ뵾??199078.3726,451354.5064
43295,?ㅽ?踰낆뒪 異⑸Т濡쒖뿭??而ㅽ뵾??199393.7481,?쒖슱?밸퀎??以묎뎄 ?꾨룞2媛 10踰덉? (異⑸Т鍮뚮뵫 1痢?,,451020.3172,
43337,441904.518,?쒖슱?밸퀎??愿?낃뎄 遊됱쿇??856-6踰덉? BS????ㅽ?踰낆뒪 愿?낆꽌?몃??낃뎄R??而ㅽ뵾??195749.8078,,,
43746,而ㅽ뵾??192672.0675,?쒖슱?밸퀎???쒕?臾멸뎄 ?④?醫뚮룞 385踰덉? DMC?뚰겕酉곗옄???ㅽ?踰낆뒪 媛?ъ슱?댄??댁젏,,452221.9607,
45446,451836.4583,?쒖슱?밸퀎??以묎뎄 ?꾩?濡?媛 18-12踰덉? 2痢?41???ㅽ?踰낆뒪 ?숇?臾몃몢???而ㅽ뵾??200703.6256,,,
46302,而ㅽ뵾??197513.7186,?쒖슱?밸퀎???숈옉援??щ떦??252-15 援????됰궓?깆????ㅽ?踰낆뒪 ?⑥꽦??젏,,442441.9497,
46775,而ㅽ뵾??202555.3009,?쒖슱?밸퀎???깅턿援?湲몄쓬??25-2 ?좎꽭怨??대쭏??誘몄븘??1~2痢??ㅽ?踰낆뒪 誘몄븘?대쭏?몄젏,,456503.0662,
48730,?ㅽ?踰낆뒪 ?숈꽦???젏,?쒖슱?밸퀎??愿?낃뎄 遊됱쿇??1660-1踰덉?,,而ㅽ뵾??196499.3118,441722.928
48821,444156.6,?쒖슱?밸퀎??媛뺣궓援???궪??648-22踰덉? D.A?붿뿉?댁꽦?뺤쇅怨??ㅽ?踰낆뒪 援?린?먯궗嫄곕━??而ㅽ뵾??202731.24,,,
50935,452162.3045,?쒖슱?밸퀎??醫낅줈援??뱀＜??128-27踰덉? ?숈썝鍮뚮뵫 1痢??ㅽ?踰낆뒪 寃쏀씗沅곷줈??而ㅽ뵾??197484.9839,,,
59532,447392.5912,?쒖슱?밸퀎???⑹궛援??쒓컯濡?媛 342踰덉? 1痢??⑹궛?섎??덉긽媛 103???ㅽ?踰낆뒪?좎슜?곗뿭??而ㅽ뵾??196961.5918,,,
59669,450694.3175,?쒖슱?밸퀎??以묎뎄 ?⑤?臾몃줈5媛 120-0踰덉? 吏??痢??ㅽ?踰낆뒪 ?⑥궛?⑥븫??而ㅽ뵾??197761.3527,,,
59989,?ㅽ?踰낆뒪 ?뺤떗由ъ뿭??而ㅽ뵾??202932.382,?쒖슱?밸퀎???깅룞援??꾩꽑??58-1踰덉?,,451169.5243,
60072,?ㅽ?踰낆뒪?숇??낃뎄??젏,?쒖슱?밸퀎???⑹궛援?媛덉썡??69-5 (吏??~3痢?,,而ㅽ뵾??197451.0447,449107.8815
60346,?ㅽ?踰낆뒪 ?곗꽭醫낇빀愿??而ㅽ뵾??194584.9592,?쒖슱?밸퀎???쒕?臾멸뎄 ?좎큿??134踰덉? ?좎쥌?⑷? (吏??痢?,,451381.5855,
60727,451267.8097,?쒖슱?밸퀎???쒕?臾멸뎄 異⑹젙濡?媛 191踰덉? ?좎썝怨⑤뱶???痢??ㅽ?踰낆뒪 寃쎄린???而ㅽ뵾??196801.6616,,,
60875,446838.0867,?쒖슱?밸퀎???묒쿇援?紐⑸룞 404-13踰덉? 紐⑸룞?쇳듃?댄뫖瑜댁???101???곴?201???ㅽ?踰낆뒪 ?ㅻぉ援먯뿭??而ㅽ뵾??189031.8299,,,
61023,?ㅽ?踰낆뒪 ?⑺븰?ш굅由ъ젏,?쒖슱?밸퀎???깅룞援??섏솗??━??700踰덉?,,而ㅽ뵾??202310.0242,451594.7072
61051,?ㅽ?踰낆뒪 臾몄젙??젏,?쒖슱?밸퀎???≫뙆援?臾몄젙??651踰덉?,,而ㅽ뵾??210749,442560
61150,443309.2397,?쒖슱?밸퀎???쒖큹援?諛⑸같??812-2 1痢??ㅽ?踰낆뒪而ㅽ뵾 諛⑸같??而ㅽ뵾??199099.266,,,
61326,447318.6605,?쒖슱?밸퀎???묒쿇援?紐⑸룞 923踰덉? ?몄떊鍮꾩졏?꾨씪??107???ㅽ?踰낆뒪而ㅽ뵾 紐⑸룞7?⑥???而ㅽ뵾??188494.599,,,
61351,而ㅽ뵾??201104.269,?쒖슱?밸퀎???쒖큹援??좎썝??58-24踰덉? ?좊컲??1李⑥긽媛 吏??痢??ㅽ?踰낆뒪 諛섑룷??젏,,445266.6786,
61417,?ㅽ?踰낆뒪?쇱꽑援먯젏,?쒖슱?밸퀎???깅턿援??숈냼臾몃룞2媛 11踰덉?,,而ㅽ뵾??200571.6309,454038.3821
61567,?ㅽ?踰낆뒪醫낆븫??而ㅽ뵾??202932.3846,?쒖슱?밸퀎???깅턿援?醫낆븫??3-686踰덉?,,455431.2683,
61595,?ㅽ?踰낆뒪 ?붽끝??젏,?쒖슱?밸퀎???깅턿援??섏썡怨〓룞 46-73 肄붿뾽?ㅽ??대옒??101-1,,而ㅽ뵾??203502.0041,455500.569
61708,而ㅽ뵾??204270.5772,?쒖슱?밸퀎???깅룞援??깆닔??媛 14-33踰덉? ?뺣챸鍮뚮뵫 1痢??ㅽ?踰낆뒪 ?앹꽟??젏,,449354.5236,
61709,而ㅽ뵾??204270.5772,?쒖슱?밸퀎???깅룞援??깆닔??媛 14-33踰덉? ?뺣챸鍮뚮뵫 2痢??ㅽ?踰낆뒪 ?앹꽟??젏,,449354.5236,
61710,而ㅽ뵾??204270.5772,?쒖슱?밸퀎???깅룞援??깆닔??媛 14-33踰덉? ?뺣챸鍮뚮뵫 3痢??ㅽ?踰낆뒪 ?앹꽟??젏,,449354.5236,
61738,442464.4743,?쒖슱?밸퀎???쒖큹援??쒖큹??1457-1踰덉? 1痢??ㅽ?踰낆뒪 ?⑤??곕?????而ㅽ뵾??201188.4012,,,
61761,?ㅽ?踰낆뒪 ?좎큿??젏,?쒖슱?밸퀎???쒕?臾멸뎄 李쎌쿇??72-12踰덉? 1~2痢??쇰?) 耳?댁뒪?섏뼱?좎큿,,而ㅽ뵾??194170.4082,450453.3605
61796,?ㅽ?踰낆뒪?대??댁뵪??ECC)??而ㅽ뵾??195287.7664,?쒖슱?밸퀎???쒕?臾멸뎄 ??꾨룞 11-1踰덉? ?댄솕?ъ옄??숆탳 ?댄솕罹좏띁?ㅻ났?⑸떒吏(吏??痢?,,451143.7893,
61880,450617.148,?쒖슱?밸퀎???쒕?臾멸뎄 李쎌쿇??13-19踰덉? 以?섎퉴??1痢?5痢??ㅽ?踰낆뒪 ?좎큿紐낅Ъ嫄곕━??而ㅽ뵾??194463.7933,,,
61890,而ㅽ뵾??204962.6586,?쒖슱?밸퀎???깅룞援??깆닔??媛 317-20踰덉? 1痢??ㅽ?踰낆뒪 ?깆닔??젏,,448995.7614,
61939,?ㅽ?踰낆뒪 醫낆븫DT??而ㅽ뵾??203117.2825,?쒖슱?밸퀎???깅턿援?醫낆븫??29-10踰덉?,,454401.3604,
61958,而ㅽ뵾??202386.3251,?쒖슱?밸퀎???쒖큹援??쒖큹??1327-5踰덉? 1-2痢??ㅽ?踰낆뒪媛뺣궓?쇱꽦??댁젏,,443701.681,
61959,而ㅽ뵾??193421.6283,?쒖슱?밸퀎???곷벑?ш뎄 ?ъ쓽?꾨룞 36踰덉? 濡?뜲罹먯뒳 ?고뙆?댁뼱 1痢?104???ㅽ?踰낆뒪 濡?뜲罹먯뒳 ?ъ쓽?꾩젏,,446448.1576,
62025,?ㅽ?踰낆뒪 ?덉븫??젏,?쒖슱?밸퀎???깅턿援??덉븫??媛 92踰덉?,,而ㅽ뵾??202644.6523,453759.8867
62043,?ㅽ?踰낆뒪 誘몄븘??而ㅽ뵾??202521.2098,?쒖슱?밸퀎???깅턿援??섏썡怨〓룞 89-7踰덉?,,456141.6308,
62143,而ㅽ뵾??199722.1617,?쒖슱?밸퀎???쒖큹援?諛⑸같??908-10踰덉? ?좎꽦鍮뚮뵫 吏??痢??ㅽ?踰낆뒪諛⑸같??젏,,442202.6141,
62163,444206.9649,?쒖슱?밸퀎???쒖큹援??쒖큹??1307-19踰덉? 1-2痢??ㅽ?踰낆뒪媛뺣궓II??而ㅽ뵾??202178.3606,,,
62215,443351.1208,?쒖슱?밸퀎???쒖큹援??쒖큹??1657-5踰덉? 1痢??ㅽ?踰낆뒪 援먮???而ㅽ뵾??201188.2459,,,
62381,而ㅽ뵾??200692.6101,?쒖슱?밸퀎???쒖큹援??쒖큹??1542-14踰덉? 1痢??ㅽ?踰낆뒪 ?쒖큹??젏,,443164.7088,
62382,而ㅽ뵾??203697.9224,?쒖슱?밸퀎???쒖큹援??묒옱??4-3踰덉? 1痢??ㅽ?踰낆뒪?곷룞2援먯젏,,442204.6013,
62596,?ㅽ?踰낆뒪 ?곕??숇Ц,?쒖슱?밸퀎???쒕?臾멸뎄 ??좊룞 115踰덉? ?곗꽭?щ떒Y鍮뚮뵫 吏??痢??ㅼ젣痢?1痢?,,而ㅽ뵾??195188.2422,451572.5632
62623,而ㅽ뵾??201430.9,?쒖슱?밸퀎???쒖큹援??쒖큹??1445-4踰덉? 101???ㅽ?踰낆뒪?⑤??곕??먯젏,,442500.6304,
62733,444116.1676,?쒖슱?밸퀎???쒖큹援?諛섑룷??92-1踰덉? 1痢??ㅽ?踰낆뒪 ?쒕옒留덉쓣?낃뎄??而ㅽ뵾??199798.1944,,,
62818,而ㅽ뵾??208233.927,?쒖슱?밸퀎???≫뙆援??좎떎??40-0踰덉? 媛ㅻ윭由ъ븘?곕━??1痢?07???ㅽ?踰낆뒪(媛ㅻ윭由ъ븘?곕━?ㅼ젏),,445435.2576,
62885,?ㅽ?踰낆뒪 ?섍뎄?⑥젏,?쒖슱?밸퀎??以묎뎄 ?뚭났??87-1踰덉? ???꾩?(吏??痢?,,而ㅽ뵾??198172.1511,451350.9692
62898,?ㅽ?踰낆뒪?쒗솕?숇뜑?얠젏,?쒖슱?밸퀎??以묎뎄 ?쒗솕??151踰덉? ?ъ뒪肄붾뜑??A??102??吏??痢?,,而ㅽ뵾??197462.1988,450878.2118
62965,?ㅽ?踰낆뒪?⑹궛?꾩씠?뚰겕紐곗젏,?쒖슱?밸퀎???⑹궛援??쒓컯濡?媛 40-999踰덉?,,而ㅽ뵾??196762.0774,447480.0396
63067,450721.6391,?쒖슱?밸퀎???쒕?臾멸뎄 李쎌쿇??33-9踰덉? ??1?꾩?(33-10) 媛??2~4痢??ㅽ?踰낆뒪?곕???而ㅽ뵾??194336.735,,,
63185,?ㅽ?踰낆뒪 ?⑺븰罹먯뒳??而ㅽ뵾??201823.909,?쒖슱?밸퀎??以묎뎄 ?⑺븰??2545踰덉? 濡?뜲罹먯뒳踰좊꽕移섏븘,,452076.8187,
63233,?ㅽ?踰낆뒪??됱씠留덊듃??而ㅽ뵾??192882.8377,?쒖슱?밸퀎????됯뎄 ?묒븫??90-1踰덉? (?묒븫?대쭏?몄???痢?,,455340.5406,
63295,444007.8968,?쒖슱?밸퀎???쒖큹援??쒖큹??1318-8踰덉? 1痢??ㅽ?踰낆뒪 紐ы뀒?뚮━??而ㅽ뵾??202305.7023,,,
63312,445907.5829,?쒖슱?밸퀎???≫뙆援?諛⑹씠??89-12踰덉? ?щ┝?쎌뒪?ъ툩?쇳꽣 吏??痢??ㅽ?踰낆뒪而ㅽ뵾 ?щ┝?쎌븘?뚰듃??而ㅽ뵾??211708.2647,,,
63325,而ㅽ뵾??197546.5912,?쒖슱?밸퀎??以묎뎄 ?쒖냼臾몃룞 135踰덉? ?쇱떆?쏀???吏??1痢??ㅽ?踰낆뒪 ?쇱떆????뚯젏,,451007.2804,
63439,443586.1879,?쒖슱?밸퀎???≫뙆援?媛?쎈룞 79踰덉? 濡?뜲罹먯뒳?뚯씤??101-1???ㅽ?踰낆뒪 媛?쎌떆?μ뿭??而ㅽ뵾??210681.5759,,,
63530,?ㅽ?踰낆뒪 ???臾몄젏,?쒖슱?밸퀎??以묎뎄 ?⑤?臾몃줈5媛 9-1踰덉? ???꾩? ?⑤?臾몄뾽臾대퉴??吏??痢?,,而ㅽ뵾??197572.6089,450733.2113
63550,而ㅽ뵾??201124.6753,?쒖슱?밸퀎???쒖큹援??쒖큹??1451-95踰덉? 1痢??ㅽ?踰낆뒪 ?덉닠?섏쟾?뱀젏,,442107.3256,
63683,445370.2017,?쒖슱?밸퀎???≫뙆援??좎떎??175踰덉? ?좏뵆???1痢??ㅽ?踰낆뒪 ?꾩떆?꾩꽑?섏큿??而ㅽ뵾??206919.4781,,,
63728,?ㅽ?踰낆뒪 ?≫뙆?꾨???而ㅽ뵾??212681,?쒖슱?밸퀎???≫뙆援??μ???884踰덉?,,442001,
63748,443398.8267,?쒖슱?밸퀎???쒖큹援??쒖큹??1572-4踰덉? 1痢??ㅽ?踰낆뒪 ?쒖큹踰뺤썝??而ㅽ뵾??200973.9574,,,
63764,而ㅽ뵾??191935.8472,?쒖슱?밸퀎???곷벑?ш뎄 ?곷벑?щ룞3媛 2-21踰덉? 吏??痢??ㅽ?踰낆뒪而ㅽ뵾 肄붾━???곷벑?щ낯?숈젏,,446275.9613,
63880,447151.9617,?쒖슱?밸퀎???곷벑?ш뎄 ?ъ쓽?꾨룞 17-9踰덉? ?뷀븯?곗뒪?뚰샇 1痢?109???쇰?)~113???ㅽ?踰낆뒪?ъ쓽?껳BSR??而ㅽ뵾??192696.2653,,,
63944,而ㅽ뵾??210806.1788,?쒖슱?밸퀎???≫뙆援?諛⑹씠??181踰덉? 吏??痢?101???ㅽ?踰낆뒪而ㅽ뵾 ?щ┝?쎄났?먮궓臾몄젏,,445687.2878,
64055,而ㅽ뵾??199584.6665,?쒖슱?밸퀎???쒖큹援?諛⑸같??907-1踰덉? ?ㅼ씠移섎퉴??101???ㅽ?踰낆뒪 諛⑸같?ㅼ씠移섎퉴?⑹젏,,442461.9578,
64087,?ㅽ?踰낆뒪?ъ쓽?꾪솕?щ낫??而ㅽ뵾??193417.0802,?쒖슱?밸퀎???곷벑?ш뎄 ?ъ쓽?꾨룞 35-4踰덉? ?쒓뎅?붿옱蹂댄뿕?묓쉶 1痢??쇰?,,446590.4671,
64135,444683.2205,?쒖슱?밸퀎???쒖큹援?諛섑룷??19-3踰덉? ?쇳듃?댁떆?곕퉴??118-2???ㅽ?踰낆뒪 ?쇳듃?퀳1??而ㅽ뵾??200250.4478,,,
66021,448126.3704,?쒖슱?밸퀎???묒쿇援?紐⑸룞 907-18踰덉? 1痢??ㅽ?踰낆뒪 紐⑸룞?뚮━怨듭썝??而ㅽ뵾??189224.6847,,,
66873,?ㅽ?踰낆뒪 湲덊샇??젏,?쒖슱?밸퀎???깅룞援?湲덊샇??媛 1483踰덉?,,而ㅽ뵾??201284.6117,449529.8716
67839,而ㅽ뵾??199888.9356,?쒖슱?밸퀎???쒖큹援?諛⑸같??1022-5踰덉? 媛먯젙?됯??ы쉶愿 1痢??ㅽ?踰낆뒪 諛⑸같濡쒖젏,,441907.2291,
67933,?ㅽ?踰낆뒪??꾩뒪?섏뼱R??而ㅽ뵾??191385.0574,?쒖슱?밸퀎???곷벑?ш뎄 ?곷벑?щ룞4媛 442踰덉? ??꾩뒪?섏뼱,,446098.5559,
68437,?ㅽ?踰낆뒪?⑥갹怨듭썝?욎뿭??而ㅽ뵾??196660.7089,?쒖슱?밸퀎???⑹궛援??⑥갹??13-2踰덉? ?⑹궛 濡?뜲罹먯뒳 ?쇳꽣?щ젅,,448557.6503,
68549,?ㅽ?踰낆뒪 ?쒖슱?뀁뿭??而ㅽ뵾??203903.3536,?쒖슱?밸퀎???깅룞援??깆닔??媛 656-335踰덉?,,448846.8202,
68625,?ㅽ?踰낆뒪 ?몃웾吏꾨룞??而ㅽ뵾??195240.6265,?쒖슱?밸퀎???숈옉援??몃웾吏꾨룞 333踰덉? 怨좊젮援먯쑁????대컮?덉뿕?쒓컯,,445648.0721,
68642,?ㅽ?踰낆뒪 ?좎궗??꽦?쇰퉴?⑹젏,?쒖슱?밸퀎??媛뺣궓援??쇳쁽??18-4踰덉? ?깆씪鍮뚮뵫,,而ㅽ뵾??201757.1057,445748.2452
82635,445682.7783,?쒖슱?밸퀎???숈옉援??몃웾吏꾨룞 62-8 ?대룄????ㅽ?踰낆뒪?몃웾吏꾩뿭??而ㅽ뵾??194703.2815,,,
83070,?ㅽ?踰낆뒪而ㅽ뵾??떎??낃뎄??젏,?쒖슱?밸퀎???숈옉援??곷룄??475-5,,而ㅽ뵾??195819.4551,444158.1283
83079,?ㅽ?踰낆뒪而ㅽ뵾 諛쒖궛??젏,?쒖슱?밸퀎??媛뺤꽌援??깆큿??678-14踰덉? 洹몃옖?쒕갚?붿젏 (吏??1痢? 二쇱감?λ룞,,而ㅽ뵾??185732.4244,450884.5288
83087,450938,?쒖슱?밸퀎??媛뺤꽌援?留덇끝??773-2踰덉? 留덇끝吏?좎????(吏??1痢? 117?쇰?~120???ㅽ?踰낆뒪 留덇끝GMG??而ㅽ뵾??184816,,,
83111,451639,?쒖슱?밸퀎??媛뺤꽌援?留덇끝??776-6踰덉? ?덉떦???(吏??1痢? 1~2???ㅽ?踰낆뒪 ?묒쿇?κ탳??而ㅽ뵾??185852,,,
83113,?ㅽ?踰낆뒪 ?붽끝DT??而ㅽ뵾??187838.2316,?쒖슱?밸퀎??媛뺤꽌援??붽끝??772-67踰덉? (吏??~3痢?,,448093.6329,
83329,?ㅽ?踰낆뒪 誘몄븘??젏,?쒖슱?밸퀎??媛뺣턿援?誘몄븘??121-19踰덉?,,而ㅽ뵾??202280.2302,458199.6442
83367,?ㅽ?踰낆뒪 ?щ떦??젏,?쒖슱?밸퀎???숈옉援??щ떦??1031-27踰덉?,,而ㅽ뵾??198280.6647,441811.9827
83426,?ㅽ?踰낆뒪 ?좊?諛⑹궪嫄곕━??젏,?쒖슱?밸퀎???숈옉援??곷룄??324-1,,而ㅽ뵾??193896.3848,444196.4848
83477,?ㅽ?踰낆뒪以묒븰???而ㅽ뵾??196227.8362,?쒖슱?밸퀎???숈옉援??묒꽍??205-5,,444972.8995,
83603,?ㅽ?踰낆뒪?섏쑀??젏,?쒖슱?밸퀎??媛뺣턿援?踰덈룞 418-17踰덉? (吏??痢?,,而ㅽ뵾??202262.0644,459520.7057
83708,450640.2145,?쒖슱?밸퀎??媛뺤꽌援?媛?묐룞 449-19踰덉? 媛?묒씠留덊듃 (吏??1痢? 留ㅼ옣???ㅽ?踰낆뒪 媛?묒씠留덊듃??而ㅽ뵾??187761.1943,,,
83725,?ㅽ?踰낆뒪??떎???而ㅽ뵾??195941.164,?쒖슱?밸퀎???숈옉援??곷룄??501-9踰덉?,,443689.6259,
83826,451047.2873,?쒖슱?밸퀎??媛뺤꽌援??깆큿??73-1踰덉? 湲덈?鍮뚮뵫 (吏??痢? A???ㅽ?踰낆뒪 媛?묒뿭??而ㅽ뵾??186966.0362,,,
83832,?ㅽ?踰낆뒪而ㅽ뵾 ?쇱갹??젏,?쒖슱?밸퀎??媛뺤꽌援??쇱갹??282-23 (吏??1痢?,,而ㅽ뵾??188843.429,449461.1525
83878,而ㅽ뵾??207359.0772,?쒖슱?밸퀎??愿묒쭊援?援ъ쓽??246-15踰덉? 1痢??ㅽ?踰낆뒪而ㅽ뵾 援ъ쓽??젏,,448305.4414,
83992,449714.8138,?쒖슱?밸퀎??媛뺤꽌援??대컻?곕룞 719-6踰덉? ?≫솕?쇳븨?쇳꽣 (吏??1痢? 014~017???ㅽ?踰낆뒪 ?곗옣?곗뿭??而ㅽ뵾??185431.0666,,,
84178,?ㅽ?踰낆뒪而ㅽ뵾 源뚯튂?곗뿭??而ㅽ뵾??186327.695,?쒖슱?밸퀎??媛뺤꽌援??붽끝??343-1踰덉? ??1?꾩? ?숈쭊鍮뚮뵫 (吏??1痢?吏??1痢?,,447795.9403,
84249,?ㅽ?踰낆뒪 誘몄븘?댄??댁젏,?쒖슱?밸퀎??媛뺣턿援?誘몄븘??812-2踰덉?,,而ㅽ뵾??201794.7913,457341.5632
84259,而ㅽ뵾??208135.5074,?쒖슱?밸퀎??愿묒쭊援?援ъ쓽??589-10踰덉? 援ъ쓽?由쇱븘?щ줈由щ쾭 109???ㅽ?踰낆뒪而ㅽ뵾媛뺣???젏,,448204.0917,
84367,而ㅽ뵾??206896.6972,?쒖슱?밸퀎??愿묒쭊援?援곗옄??478-5踰덉? 1~2痢??ㅽ?踰낆뒪而ㅽ뵾 援곗옄??젏,,450515.5757,
84385,449227.7142,?쒖슱?밸퀎??愿묒쭊援?援ъ쓽??67-7踰덉? 1痢?2痢??ㅽ?踰낆뒪而ㅽ뵾援ъ쓽?뷀떚(DT)??而ㅽ뵾??207644.67,,,
84509,?ㅽ?踰낆뒪而ㅽ뵾 媛뺣궓援ъ껌?뺣Ц??而ㅽ뵾??203993.7255,?쒖슱?밸퀎??媛뺣궓援?泥?떞??44-12踰덉?,,446236.536,
84542,而ㅽ뵾??207202.1366,?쒖슱?밸퀎??愿묒쭊援??먯뼇??779踰덉? ??뚮뜑紐⑥뒪?멸킅吏꾩븘?щ줈??110???ㅽ?踰낆뒪而ㅽ뵾 ?먯뼇?ш굅由ъ젏,,448365.6601,
84561,?ㅽ?踰낆뒪?붽퀎?대쭏?몄젏,?쒖슱?밸퀎???몄썝援??붽퀎??333-1踰덉?,,而ㅽ뵾??205391.0704,458333.9892
84632,?ㅽ?踰낆뒪 泥쒗샇濡쒕뜲?ㅼ젏,?쒖슱?밸퀎??媛뺣룞援?泥쒗샇??453-14踰덉?,,而ㅽ뵾??211184.9085,448405.5485
84634,?ㅽ?踰낆뒪 ?붿큿?숈젏,?쒖슱?밸퀎??媛뺣룞援??깅궡??441-2踰덉?,,而ㅽ뵾??211769.2321,446732.6402
84795,447034.5346,?쒖슱?밸퀎??媛뺣룞援??깅궡??468踰덉? ?꾨??좏뙆利?101???ㅽ?踰낆뒪而ㅽ뵾 ?щ┝?쎄났??遺곷Ц??而ㅽ뵾??211064.097,,,
84875,?ㅽ?踰낆뒪 媛뺣룞??젏,?쒖슱?밸퀎??媛뺣룞援?泥쒗샇??447-17踰덉?,,而ㅽ뵾??211712.4293,448270.9577
85033,?ㅽ?踰낆뒪 ?좊쫱?숈떊鍮뚮뵫R??而ㅽ뵾??204389.2637,?쒖슱?밸퀎??媛뺣궓援??쇱꽦??141-28踰덉? ?숈떊鍮뚮뵫,,444809.6501,
85051,438529.3631,?쒖슱?밸퀎??湲덉쿇援??쒗씎??904-22踰덉? 吏??痢??ㅽ?踰낆뒪 湲덉쿇?쒗씎??而ㅽ뵾??191368.5221,,,
85187,?ㅽ?踰낆뒪 ?좊쫱濡쒖젏,?쒖슱?밸퀎??媛뺣궓援???궪??697-45踰덉?,,而ㅽ뵾??204061.415,444757.5319
85357,?ㅽ?踰낆뒪媛?곕뵒吏?몄젏,?쒖슱?밸퀎??湲덉쿇援?媛?곕룞 371-28踰덉? ?곕┝?쇱씠?⑥뒪諛몃━ B-107.108,,而ㅽ뵾??189538.0209,441982.4279
85504,而ㅽ뵾??210921.8374,?쒖슱?밸퀎??媛뺣룞援??깅궡??62-4踰덉? ?쒖듅鍮뚮뵫1痢??ㅽ?踰낆뒪泥쒗샇??젏,,448409.2657,
85516,?ㅽ?踰낆뒪 W-Mall??而ㅽ뵾??189997.4557,?쒖슱?밸퀎??湲덉쿇援?媛?곕룞 60-27踰덉? 吏??痢?(?붿??몃떒吏濡?285),,441687.8412,
85616,442139.5145,?쒖슱?밸퀎??湲덉쿇援?媛?곕룞 50-3踰덉? ?瑜?룷?ㅽ듃???李?106???ㅽ?踰낆뒪 媛?곕뵒吏?몃떒吏??而ㅽ뵾??189662.9592,,,
85644,?ㅽ?踰낆뒪 諛⑺솕DT,?쒖슱?밸퀎??媛뺤꽌援?諛⑺솕??293-4 ??2?꾩? ?몄?鍮뚮뵫 (吏??2~3痢?,,而ㅽ뵾??183704.3002,452482.3973
85858,?ㅽ?踰낆뒪而ㅽ뵾 誘몄븘?ш굅由ъ뿭??而ㅽ뵾??202647.3924,?쒖슱?밸퀎??媛뺣턿援?誘몄븘??35-30踰덉? ??2?꾩?,,456612.3679,
85916,而ㅽ뵾??206043.3588,?쒖슱?밸퀎??愿묒쭊援??먯뼇??507-6踰덉? ?댄듉??뚮━踰?吏援?108???ㅽ?踰낆뒪(?먯뼇??,,448141.6654,
85966,?ㅽ?踰낆뒪而ㅽ뵾 湲덉쿇?낆궛??而ㅽ뵾??190694.8803,?쒖슱?밸퀎??湲덉쿇援??낆궛??291-1踰덉? TL108,,440764.4263,
86008,441814.1159,?쒖슱?밸퀎??湲덉쿇援?媛?곕룞 60-20踰덉? 留덈━?ㅼ븘?몃젢3愿 吏??痢??ㅽ?踰낆뒪 而ㅽ뵾 留덈━?ㅼ븘?몃젢??而ㅽ뵾??189759.7131,,,
86291,而ㅽ뵾??205226.6368,?쒖슱?밸퀎???몄썝援??곴퀎??712 1痢??ㅽ?踰낆뒪 ?몄썝??젏,,461377.8231,
86547,?ㅽ?踰낆뒪 ?몄썝耳?댄떚(KT)??而ㅽ뵾??205550.9084,?쒖슱?밸퀎???몄썝援??곴퀎??723踰덉?,,461343.0622,
87011,443267.2288,?쒖슱?밸퀎???≫뙆援?臾몄젙??150-26踰덉? ?쇰?由ъ깶瑜대쭩 101~104???ㅽ?踰낆뒪而ㅽ뵾 ?щ┝?쏀쎕誘몃━??而ㅽ뵾??210226.6978,,,
87042,?ㅽ?踰낆뒪 ?≫뙆援ъ껌??而ㅽ뵾??209427.4102,?쒖슱?밸퀎???≫뙆援?諛⑹씠??22-5踰덉?,,445829.7259,
87066,而ㅽ뵾??193326.931,?쒖슱?밸퀎???곷벑?ш뎄 ?ъ쓽?꾨룞 23踰덉? IFC紐?吏??痢?178???ㅽ?踰낆뒪?ъ쓽?껱FC紐?L1)R,,446973.9146,
87239,?ㅽ?踰낆뒪 媛?좏뙆?대툕,?쒖슱?밸퀎???≫뙆援?臾몄젙??292踰덉? 媛?좏뙆?대툕 ?대룞 吏??痢??대쭏?몃궡 B1-26,,而ㅽ뵾??210535.0896,442137.5787
87262,?ㅽ?踰낆뒪 ?좎떎?援??⑤떒R??而ㅽ뵾??208688.1551,?쒖슱?밸퀎???≫뙆援??좎쿇??7-30踰덉?,,445954.1766,
87401,?ㅽ?踰낆뒪?곹뭾臾멸퀬??而ㅽ뵾??198351.8187,?쒖슱?밸퀎??醫낅줈援??쒕┛??33踰덉?,,451921.603,
87408,?ㅽ?踰낆뒪 ?낅┰臾몄뿭,?쒖슱?밸퀎??醫낅줈援?援먮턿??126踰덉? 寃쏀씗沅곸옄??4?⑥?,,而ㅽ뵾??196732.9524,451863.8263
87423,而ㅽ뵾??197595.1613,?쒖슱?밸퀎??醫낅줈援??곸꽑??156踰덉? 愿묓솕臾명뵆?섑떚??1痢?101???ㅽ?踰낆뒪?뺣??쒖슱泥?궗R,,452460.0546,
87445,?ㅽ?踰낆뒪二쇱뼹由ъ떆?곗젏,?쒖슱?밸퀎??醫낅줈援??몄쓽??48-2踰덉?,,而ㅽ뵾??199812.6096,452132.6483
87549,而ㅽ뵾??197181.3933,?쒖슱?밸퀎??醫낅줈援??ъ쭅??9踰덉? 愿묓솕臾??띾┝?ㅽ럹?댁뒪蹂??ㅽ?踰낆뒪 ?ㅽ럹?댁뒪蹂몄젏,,452458.8267,
87640,453412.7926,?쒖슱?밸퀎??醫낅줈援?紐낅쪣3媛 154-3踰덉? 吏??~2痢??ㅽ?踰낆뒪?깅??낃뎄??而ㅽ뵾??199782.5422,,,
87704,451938.0377,?쒖슱?밸퀎??醫낅줈援??좊Ц濡?媛 163踰덉? 愿묓솕臾몄삤?쇱떆?꾨퉴??03??03???ㅽ?踰낆뒪 ?덈Ц?덈줈??而ㅽ뵾??197713.2649,,,
87910,442806.7092,?쒖슱?밸퀎???쒖큹援??쒖큹??1623-1踰덉? 1痢??ㅽ?踰낆뒪 ?쒖슱援먮???而ㅽ뵾??201279.4432,,,
87945,442462.7064,?쒖슱?밸퀎???쒖큹援??쒖큹??1365-23踰덉? 1痢??ㅽ?踰낆뒪 ?쒖큹援ъ껌??而ㅽ뵾??202591.5852,,,
88018,446442.5714,?쒖슱?밸퀎???곷벑?ш뎄 ?ъ쓽?꾨룞 43-4踰덉? 濡?뜲罹먯뒳?꾩씠鍮?1痢???22???ㅽ?踰낆뒪而ㅽ뵾 ?숈뿬?섎룄??而ㅽ뵾??193896.2821,,,
88019,而ㅽ뵾??193165.4901,?쒖슱?밸퀎???곷벑?ш뎄 ?ъ쓽?꾨룞 23-6踰덉? 1痢??ㅽ?踰낆뒪?ъ쓽?꾩뿭R,,446797.3414,
88231,而ㅽ뵾??193553.4728,?쒖슱?밸퀎???곷벑?ш뎄 ?ъ쓽?꾨룞 45-21踰덉? ?뚮━?덉툩???1痢??ㅽ?踰낆뒪而ㅽ뵾?ъ쓽?껦BL??뚯젏,,446289.3893,
88318,451850.2721,?쒖슱?밸퀎??醫낅줈援?愿泥좊룞 43-9踰덉? 吏??痢??ㅽ?踰낆뒪 愿묎탳??而ㅽ뵾??198533.5398,,,
88425,而ㅽ뵾??208461.7118,?쒖슱?밸퀎???≫뙆援??쇱쟾??130-2 吏??痢??ㅽ?踰낆뒪 ?앹큿?쒗샇,,444909.4852,
88436,?ㅽ?踰낆뒪 ?쒖슱洹뱀옣??而ㅽ뵾??199205.3298,?쒖슱?밸퀎??醫낅줈援?愿?섎룞 59-7踰덉? (?쒖슱洹뱀옣 1痢?,,451945.822,
88460,?ㅽ?踰낆뒪 愿묓솕臾몄슦泥닿뎅,?쒖슱?밸퀎??醫낅줈援??쒕┛??154-1踰덉? 愿묓솕臾몄슦泥닿뎅,,而ㅽ뵾??197995.2188,451945.0472
88697,而ㅽ뵾??190834.8799,?쒖슱?밸퀎???곷벑?ш뎄 ?묓룊??媛 2踰덉? ?대젅鍮뚮뵫 ?좉? 1痢??ㅽ?踰낆뒪(?좎쑀?숈씠?덈퉴?⑹젏),,447975.9314,
88748,445018.4336,?쒖슱?밸퀎???쒖큹援?諛섑룷??736-2 1痢??ㅽ?踰낆뒪 媛뺣궓?濡쒕끉?껽??而ㅽ뵾??201928.4882,,,
88774,446098.5559,?쒖슱?밸퀎???곷벑?ш뎄 ?곷벑?щ룞4媛 442踰덉? 吏??痢??ㅽ?踰낆뒪??꾩뒪?섏뼱B2??而ㅽ뵾??191385.0574,,,
88790,而ㅽ뵾??190613.7058,?쒖슱?밸퀎???곷벑?ш뎄 ?묓룊??媛 98-5踰덉? 1痢??ㅽ?踰낆뒪(?좎쑀?꾩뿭??,,448341.565,
88859,而ㅽ뵾??202513.1194,?쒖슱?밸퀎???쒖큹援??쒖큹??1329-7踰덉? 1痢??ㅽ?踰낆뒪 ?쒖큹?곗꽦?ш굅由ъ젏,,443478.8069,
89097,?ㅽ?踰낆뒪 醫낅줈愿?섏젏,?쒖슱?밸퀎??醫낅줈援?愿?섎룞 3-5踰덉?,,而ㅽ뵾??198930.0229,451940.7683
89178,452574.6715,?쒖슱?밸퀎??醫낅줈援?以묓븰??14踰덉? ?몄쐢?몃━ B??101???ㅽ?踰낆뒪 寃쎈났沅곸궗嫄곕━??而ㅽ뵾??198176.1592,,,
89248,而ㅽ뵾??190176.6272,?쒖슱?밸퀎???곷벑?ш뎄 臾몃옒??媛 77-1踰덉? ?李쏀??대퉴 吏??痢??ㅽ?踰낆뒪 臾몃옒?숈젏,,446383.6614,
89262,而ㅽ뵾??200554.744,?쒖슱?밸퀎???쒖큹援?諛섑룷??19-4踰덉? ?쒖슱怨좎냽踰꾩뒪?곕???蹂멸?(?먰룷)1痢?18???ㅽ?踰낆뒪而ㅽ뵾 ?쒖슱怨좎냽?곕??먯젏,,444811.3648,
89265,452262.4846,?쒖슱?밸퀎??醫낅줈援??섏넚??156踰덉? 1痢?01???ㅽ?踰낆뒪 醫낅줈援ъ껌??而ㅽ뵾??198260.0632,,,
89268,?ㅽ?踰낆뒪 ?숇쵖?욎뿭??而ㅽ뵾??201350.4734,?쒖슱?밸퀎??醫낅줈援???씤??310踰덉?,,452279.7443,
89312,445846.62,?쒖슱?밸퀎???쒖큹援??좎썝??21-7踰덉? 1痢??ㅽ?踰낆뒪而ㅽ뵾 媛뺣궓?濡쒖떊??而ㅽ뵾??201650.4901,,,
89370,446108.8072,?쒖슱?밸퀎???곷벑?ш뎄 ?곷벑?щ룞4媛 434-5踰덉? B愿 吏??痢??ㅽ?踰낆뒪?좎꽭怨꾪??꾩뒪?섏뼱B2??而ㅽ뵾??191581.5003,,,
89438,?ㅽ?踰낆뒪而ㅽ뵾?ъ쓽?꾩씪?좎젏,?쒖슱?밸퀎???곷벑?ш뎄 ?ъ쓽?꾨룞 15-15踰덉? 1痢??쇰?,,而ㅽ뵾??192878.6628,447300.2534
89460,444678.0054,?쒖슱?밸퀎???≫뙆援??앹큿??286-9 1痢??ㅽ?踰낆뒪 ?앹큿??而ㅽ뵾??209314.5573,,,
89557,而ㅽ뵾??193659.1402,?쒖슱?밸퀎???곷벑?ш뎄 ?ъ쓽?꾨룞 34-11踰덉? ?쒖뼇利앷텒 1痢??ㅽ?踰낆뒪而ㅽ뵾?ъ쓽?꾪븳?묒쬆沅뚯젏,,446692.9922,
89559,448115.6414,?쒖슱?밸퀎???곷벑?ш뎄 ?뱀궛??媛 338-1踰덉? 寃쎌쭊鍮뚮뵫 吏??痢??ㅽ?踰낆뒪而ㅽ뵾?뱀궛??而ㅽ뵾??191096.383,,,
89650,452155.1216,?쒖슱?밸퀎??醫낅줈援?泥?쭊??19踰덉? 吏??~3痢??ㅽ?踰낆뒪 醫낅줈?섏넚??而ㅽ뵾??198225.363,,,
89744,而ㅽ뵾??206777.7314,?쒖슱?밸퀎??以묐옉援?臾듬룞 170-1 ?대쭏?몃У?숈젏 吏??痢?B101???ㅽ?踰낆뒪臾듬룞?대쭏?몄젏,,456837.2196,
89919,而ㅽ뵾??193326.931,?쒖슱?밸퀎???곷벑?ш뎄 ?ъ쓽?꾨룞 23踰덉? ???꾩씠?먰봽?⑤룞 1痢?101???ㅽ?踰낆뒪而ㅽ뵾?ъ쓽?껱FC,,446973.9146,
89928,?ㅽ?踰낆뒪 ??숇줈??而ㅽ뵾??200059.5961,?쒖슱?밸퀎??醫낅줈援??곌굔??128-8踰덉?,,452693.9469,
89995,而ㅽ뵾??191979.4002,?쒖슱?밸퀎???곷벑?ш뎄 ?좉만??252-9踰덉? ???꾩? 1~2痢??ㅽ?踰낆뒪而ㅽ뵾?곷벑?ъ떊湲퇓T,,444714.5643,
89997,?ㅽ?踰낆뒪 以묐옉援ъ껌??而ㅽ뵾??208382.9769,?쒖슱?밸퀎??以묐옉援??좊궡??563-3踰덉?,,455900.3257,
90108,444618.1673,?쒖슱?밸퀎???쒖큹援??쒖큹??1303-22踰덉? 1痢??ㅽ?踰낆뒪 媛뺣궓援먮낫??똓??而ㅽ뵾??202058.6747,,,
90138,447172.0534,?쒖슱?밸퀎???곷벑?ш뎄 ?곷벑?щ룞8媛 35-1踰덉? 由щ쭏?щ퉴 1痢?106???ㅽ?踰낆뒪?곷벑?촋T??而ㅽ뵾??191536.0371,,,
90146,而ㅽ뵾??193293.252,?쒖슱?밸퀎???곷벑?ш뎄 ?ъ쓽?꾨룞 12踰덉? 1痢?102???ㅽ?踰낆뒪?ъ쓽?꾧났?륱,,447448.3429,
90365,452402.1953,?쒖슱?밸퀎??醫낅줈援??섏넚??146-1踰덉? 吏??痢??ㅽ?踰낆뒪 ?대쭏鍮뚮뵫??而ㅽ뵾??198076.879,,,
90440,而ㅽ뵾??198692.6279,?쒖슱?밸퀎??醫낅줈援?愿泥좊룞 12-15踰덉? 2痢??ㅽ?踰낆뒪 醫낅줈愿泥좎젏,,451865.6943,
90457,446467.5965,?쒖슱?밸퀎???곷벑?ш뎄 ?ъ쓽?꾨룞 44-22踰덉? ?몄꽦鍮뚮뵫吏??痢??ㅽ?踰낆뒪而ㅽ뵾 ?ъ쓽?꾪샇??而ㅽ뵾??193677.1246,,,
90494,而ㅽ뵾??197524.1878,?쒖슱?밸퀎??醫낅줈援??듭쓽??35-41踰덉? ??4?꾩? 1痢??ㅽ?踰낆뒪 寃쎈났沅곸뿭,,452766.6018,
90500,而ㅽ뵾??211101.3948,?쒖슱?밸퀎???≫뙆援?媛?쎈룞 125-6踰덉? 吏??痢??ㅽ?踰낆뒪 臾몄젙濡쒕뜲?ㅼ젏,,443302.5846,
90565,而ㅽ뵾??192956.1254,?쒖슱?밸퀎???곷벑?ш뎄 ?ъ쓽?꾨룞 13-19踰덉? ?⑥쨷鍮뚮뵫 吏??痢??ㅽ?踰낆뒪而ㅽ뵾 ?ъ쓽???섏궗?뱀젏,,447539.7495,
90610,而ㅽ뵾??198734.7836,?쒖슱?밸퀎??醫낅줈援?怨꾨룞 101-14踰덉? 1~3痢??ㅽ?踰낆뒪 遺곸큿濡쒖젏,,453017.3864,
90660,447295.1942,?쒖슱?밸퀎???곷벑?ш뎄 ?ъ쓽?꾨룞 17-3踰덉? ?쒗씎鍮뚮뵫 1痢??ㅽ?踰낆뒪援?쉶?섏궗?뱀뿭??而ㅽ뵾??192585.6934,,,
90807,?ㅽ?踰낆뒪 醫낅줈3媛??而ㅽ뵾??199066.4682,?쒖슱?밸퀎??醫낅줈援?醫낅줈3媛 9-3踰덉?,,452033.9927,
90832,?ㅽ?踰낆뒪而ㅽ뵾 ?곷큺,?쒖슱?밸퀎??以묐옉援??곷큺??501踰덉?,,而ㅽ뵾??208076.3867,455017.5286
90848,453039.3455,?쒖슱?밸퀎??以묐옉援?硫대ぉ??617-2踰덉? 吏??痢??ㅽ?踰낆뒪而ㅽ뵾 ?ш??뺤뿭??而ㅽ뵾??207702.8399,,,
90899,?ㅽ?踰낆뒪而ㅽ뵾 以묐옉??젏,?쒖슱?밸퀎??以묐옉援??곷큺??130-3踰덉?,,而ㅽ뵾??206526.0022,454549.1674
90918,?ㅽ?踰낆뒪肄붾━???곷큺??젏,?쒖슱?밸퀎??以묐옉援??곷큺??100-2踰덉?,,而ㅽ뵾??207584.9182,454966.7437
93307,而ㅽ뵾??,?쒖슱?밸퀎??媛뺤꽌援?留덇끝??798-3踰덉? 1痢?101~104???ㅽ?踰낆뒪 留덇끝??젏,,,
94081,?ㅽ?踰낆뒪 媛뺣턿?쇱꽦蹂묒썝??而ㅽ뵾??197111.9696,?쒖슱?밸퀎??醫낅줈援??됰룞 108-1踰덉? 媛뺣턿?쇱꽦蹂묒썝,,451776.4437,
103310,?ㅽ?踰낆뒪 ?쒖슱???젏,?쒖슱?밸퀎??愿?낃뎄 遊됱쿇??861-6,,而ㅽ뵾??195699.0482,442163.0961
103378,?ㅽ?踰낆뒪而ㅽ뵾 ?깆큿??而ㅽ뵾??186173.478,?쒖슱?밸퀎??媛뺤꽌援??깆큿??668-9踰덉? (吏??1痢?,,450677.7932,
103479,?ㅽ?踰낆뒪 ?숈꽦?DT??而ㅽ뵾??196846.6127,?쒖슱?밸퀎??愿?낃뎄 遊됱쿇??1657-3踰덉?,,441555.9467,
103585,?ㅽ?踰낆뒪而ㅽ뵾?щ떦??而ㅽ뵾??198248.9424,?쒖슱?밸퀎??愿?낃뎄 ?⑦쁽??1060-10踰덉?,,441541.5998,
103597,?ㅽ?踰낆뒪 ?좊┝DT??而ㅽ뵾??191828.7797,?쒖슱?밸퀎??愿?낃뎄 ?좊┝??564-12踰덉?,,442094.3295,
103733,?ㅽ?踰낆뒪而ㅽ뵾 ?좊┝?ш굅由ъ젏,?쒖슱?밸퀎??愿?낃뎄 ?좊┝??1422-35踰덉?,,而ㅽ뵾??193781.8082,442506.7153
103923,而ㅽ뵾??195625.0759,?쒖슱?밸퀎??愿?낃뎄 遊됱쿇??869-1踰덉? 吏??~3痢??ㅽ?踰낆뒪而ㅽ뵾 ?쒖슱??낃뎄??젏,,442105.4431,
104019,?ㅽ?踰낆뒪而ㅽ뵾 蹂대씪留ㅻ?援먯젏,?쒖슱?밸퀎??愿?낃뎄 遊됱쿇??729-21踰덉?,,而ㅽ뵾??193350.027,443216.7506
104066,?ㅽ?踰낆뒪 ?좊┝??룷?꾨ぐ??而ㅽ뵾??193754.4274,?쒖슱?밸퀎??愿?낃뎄 ?좊┝??1641-2踰덉?,,442407.2012,
104122,?ㅽ?踰낆뒪 ?좊┝??而ㅽ뵾??193665.7688,?쒖슱?밸퀎??愿?낃뎄 ?좊┝??1432-71踰덉?,,442658.667,
104726,而ㅽ뵾??197881.0821,?쒖슱?밸퀎??以묎뎄 ?쒗룊濡?媛 69-7踰덉? 1痢??ㅽ?踰낆뒪 ?쒗룊濡쒖젏,,451134.9937,
106468,?ㅽ?踰낆뒪 臾몄젙踰뺤썝濡쏳,?쒖슱?밸퀎???≫뙆援?臾몄젙??642踰덉? ?≫뙆 ?뚮씪???,,而ㅽ뵾??210627,442875
108930,而ㅽ뵾??205130.5917,?쒖슱?밸퀎??媛뺣궓援??쇱꽦??159踰덉? 肄붿뿊???ㅽ?踰낆뒪 肄붿뿊??蹂꾨쭏?뱀젏,,445590.0968,
109180,?ㅽ?踰낆뒪 遊됱??ъ뿭??而ㅽ뵾??205511.545,?쒖슱?밸퀎??媛뺣궓援??쇱꽦??108-6踰덉? JBK TOWER 鍮뚮뵫,,445869.825,
109507,?ㅽ?踰낆뒪 湲덉쿇援ъ껌??젏,?쒖슱?밸퀎??湲덉쿇援??쒗씎??1031踰덉?,,而ㅽ뵾??,
109803,?ㅽ?踰낆뒪 ?곷룄??젏,?쒖슱?밸퀎???숈옉援??곷룄1??666-5踰덉?,,而ㅽ뵾??195371.7806,444561.3864
111174,?ㅽ?踰낆뒪 援쎌??ㅻ━??젏,?쒖슱?밸퀎??媛뺣룞援?紐낆씪??353-2踰덉?,,而ㅽ뵾??212594.4291,449246.8776
111489,450296.5892,?쒖슱?밸퀎???⑹궛援??쒓퀎??219-17 ?쒖슱??뭾由쇱븘?댁썝?뚮윭??102???ㅽ?踰낆뒪 ?쒖슱??꽌遺??而ㅽ뵾??197142.9508,,,
112814,而ㅽ뵾??200113.8747,?쒖슱?밸퀎??醫낅줈援??쒗솕??90-18踰덉? ?쒗솕?숈뵪?곕갭由??ㅽ?踰낆뒪 ?숈댂湲몄엯援ъ젏,,453549.5264,
112875,而ㅽ뵾??209394.2313,?쒖슱?밸퀎???≫뙆援?媛?쎈룞 479踰덉? ?щ━?ㅼ떆???ㅽ?踰낆뒪 ?≫뙆?щ━?ㅼ떆?곗젏,,443951.2369,
113225,?ㅽ?踰낆뒪 ?뺢뎄?뺤쑄?깅퉴?⑹젏,?쒖슱?밸퀎??媛뺣궓援??좎궗??592踰덉? ?ㅼ꽦鍮뚮뵫,,而ㅽ뵾??202456.485,446733.385
119163,而ㅽ뵾??188977.1711,?쒖슱?밸퀎???묒쿇援?紐⑸룞 917-6踰덉? ?됰났?쒖꽭???ㅽ?踰낆뒪 紐⑸룞?됰났?쒖젏,,447466.355,
119475,?ㅽ?踰낆뒪 ?묒옱媛뺣궓鍮뚮뵫R??而ㅽ뵾??203168.515,?쒖슱?밸퀎??媛뺣궓援??꾧끝??956踰덉? ?쒕툕??媛뺣궓鍮뚮뵫,,442571.3535,
119476,?ㅽ?踰낆뒪 ?뺢뎄?뷧??而ㅽ뵾??202855.6586,?쒖슱?밸퀎??媛뺣궓援??좎궗??621-1踰덉?,,447241.6055,
119509,?ㅽ?踰낆뒪 留덇끝?ъ씠?몄뒪??똓??而ㅽ뵾??185247,?쒖슱?밸퀎??媛뺤꽌援?留덇끝??796-3踰덉? 留덇끝?ъ씠?몄뒪???(吏??1~2痢?,,450934,
123276,?ㅽ?踰낆뒪 臾듬룞??而ㅽ뵾??206715.541,?쒖슱?밸퀎??以묐옉援?臾듬룞 169-12踰덉?,,457004.8747,
125726,而ㅽ뵾??209929.5748,?쒖슱?밸퀎???≫뙆援?諛⑹씠??44-3 ?꾨??좏뵿???ㅽ?踰낆뒪 紐쎌큿?좎꽦??젏,,446085.1213,
126269,444336.0513,?쒖슱?밸퀎??援щ줈援?援щ줈??573 NC諛깊솕???ㅽ?踰낆뒪 援щ줈NC??而ㅽ뵾??189570.3609,,,
127875,而ㅽ뵾??206349.675,?쒖슱?밸퀎??愿묒쭊援??먯뼇??227-7 ?붿꺏?ㅽ??쒗떚 吏??痢??ㅽ?踰낆뒪 ?먯뼇?대쭏?몄젏,,448396.9397,
128394,?ㅽ?踰낆뒪 ???臾몄뿉?ㅼ????而ㅽ뵾??197720.3979,?쒖슱?밸퀎??以묎뎄 ?⑤?臾몃줈5媛 253,,450577.0934,
128488,?ㅽ?踰낆뒪 ?≫뙆留덉쿇?ш굅由촂T??而ㅽ뵾??212986.1017,?쒖슱?밸퀎???≫뙆援?留덉쿇??43-1,,444178.7844,
128814,?ㅽ?踰낆뒪 泥쒗샇?ш굅由ъ젏,?쒖슱?밸퀎??媛뺣룞援?泥쒗샇??431-4 ?덇꼍鍮뚮뵫,,而ㅽ뵾??210830.1344,448618.9908
129270,?ㅽ?踰낆뒪?⑹궛由ъ껴?쒖븘??而ㅽ뵾??197045.8495,?쒖슱?밸퀎???⑹궛援??먰슚濡?媛 133-3 由ъ껴?쒖븘 ?⑹궛,,448447.559,
138809,?ㅽ?踰낆뒪 ?移섏궪?깊봽?쇱옄??而ㅽ뵾??205840.185,?쒖슱?밸퀎??媛뺣궓援??移섎룞 993-1,,444245.655,
139351,?ㅽ?踰낆뒪  ?깆닔?숇굺??而ㅽ뵾??205784.4456,?쒖슱?밸퀎???깅룞援??깆닔??媛 281-20,,449451.9862,
139395,?ㅽ?踰낆뒪 ?뱀궛??궗嫄곕━??而ㅽ뵾??191177.5845,?쒖슱?밸퀎???곷벑?ш뎄 ?뱀궛??媛 16-7,,447965.6455,
139633,?ㅽ?踰낆뒪 泥쒗샇?濡쒓만?숈젏,?쒖슱?밸퀎??媛뺣룞援?湲몃룞 457-4 嫄곗궛 ?좏뙭由ъ뒪,,而ㅽ뵾??212060.9351,448068.1746
140227,?ㅽ?踰낆뒪 紐낅룞?⑥궛,?쒖슱?밸퀎??以묎뎄 ?⑥궛??媛 13-31,,而ㅽ뵾??198735.0683,450940.7599
141413,?ㅽ?踰낆뒪 臾닿탳濡쒖젏,?쒖슱?밸퀎??以묎뎄 臾닿탳??32-2,,而ㅽ뵾??198068.0599,451666.7326
141842,而ㅽ뵾??205130.5917,?쒖슱?밸퀎??媛뺣궓援??쇱꽦??159 ?꾩뀍????ㅽ?踰낆뒪 肄붿뿊?ㅼ븘?덊??뚯젏,,445590.0968,
143373,?ㅽ?踰낆뒪 ?쒖슱?移섍낵蹂묒썝??而ㅽ뵾??199824.096,?쒖슱?밸퀎??醫낅줈援??곌굔??28-21 ?쒖슱??숆탳 移섍낵蹂묒썝,,452984.3605,
149198,而ㅽ뵾??204957.5624,?쒖슱?밸퀎???몄썝援??곴퀎??694踰덉? 1痢??ㅽ?踰낆뒪?몄썝留덈뱾??젏,,462039.1075,
149388,?ㅽ?踰낆뒪 怨듬쫱DT??而ㅽ뵾??206492.09,?쒖슱?밸퀎???몄썝援?怨듬쫱??597-34踰덉?,,457601.6208,
149731,而ㅽ뵾??195568.0067,?쒖슱?밸퀎??留덊룷援??꾪솕??22踰덉? 李쎄컯鍮뚮뵫 1痢??ㅽ?踰낆뒪而ㅽ뵾怨듬뜒?ㅺ굅由ъ젏,,448931.2947,
149794,?ㅽ?踰낆뒪?곸븫DMC??而ㅽ뵾??190268.3507,?쒖슱?밸퀎??留덊룷援??곸븫??1654踰덉?,,452810.7427,
150293,?ㅽ?踰낆뒪?띾??쇨굅由ъ젏,?쒖슱?밸퀎??留덊룷援??곸닔??86-22踰덉? 1痢?2痢??쇰?,,而ㅽ뵾??193151.4158,449777.8753
150375,而ㅽ뵾??202196.5463,?쒖슱?밸퀎??媛뺣궓援???궪??809-10踰덉? ?쒖꽍???吏??痢?201???ㅽ?踰낆뒪而ㅽ뵾 媛뺣궓?濡쒖젏,,444552.1795,
150423,?ㅽ?踰낆뒪 ?섏꽌?쵷??而ㅽ뵾??209009.8641,?쒖슱?밸퀎??媛뺣궓援??섏꽌??715踰덉? ?섏꽌鍮뚮뵫,,442872.1606,
150439,而ㅽ뵾??203383.7287,?쒖슱?밸퀎??媛뺣궓援???궪??678-39踰덉? 吏??痢??ㅽ?踰낆뒪而ㅽ뵾 ??궪?濡쒖젏,,444401.9945,
150454,?ㅽ?踰낆뒪留덊룷?대쭏??而ㅽ뵾??195878.7415,?쒖슱?밸퀎??留덊룷援??좉났?뺣룞 69-2踰덉?,,449214.2533,
150482,?ㅽ?踰낆뒪而ㅽ뵾 援щ줈?붿??몃줈??而ㅽ뵾??190688.7475,?쒖슱?밸퀎??援щ줈援?援щ줈??191-7踰덉? ?먯씠?ㅽ뀒?щ끂???李?101???쇰?,,442618.7857,
150584,?ㅽ?踰낆뒪 ?移섏?留덉궗嫄곕━??而ㅽ뵾??205255.2667,?쒖슱?밸퀎??媛뺣궓援??移섎룞 941-19踰덉?,,444093.3688,
150702,?ㅽ?踰낆뒪?⑹젙硫붿꽭?섎ぐ,?쒖슱?밸퀎??留덊룷援??쒓탳??490踰덉?,,而ㅽ뵾??192311.6426,449855.6439
150765,448689.2062,?쒖슱?밸퀎??留덊룷援??꾪솕??50-1踰덉? ?쇱쭊鍮뚮뵫 吏??痢??ㅽ?踰낆뒪留덊룷?쇱쭊鍮뚮뵫??而ㅽ뵾??195189.0438,,,
150795,?ㅽ?踰낆뒪 ?ㅽ??꾨뱶肄붿뿊?ㅻぐR??而ㅽ뵾??205130.5917,?쒖슱?밸퀎??媛뺣궓援??쇱꽦??159踰덉?,,445590.0968,
150989,而ㅽ뵾??203107.2296,?쒖슱?밸퀎??媛뺣궓援??쇳쁽??238-5踰덉? 吏??痢??ㅽ?踰낆뒪而ㅽ뵾 ?쒖슱?멸??ш굅由ъ젏,,445867.6812,
151235,?ㅽ?踰낆뒪 媛뺣궓R??而ㅽ뵾??202462.6048,?쒖슱?밸퀎??媛뺣궓援???궪??825踰덉?,,443960.1863,
151236,?ㅽ?踰낆뒪 媛뺣궓?ㅺ굅由ъ젏,?쒖슱?밸퀎??媛뺣궓援???궪??813-17踰덉?,,而ㅽ뵾??202288.2365,444431.6944
151242,?ㅽ?踰낆뒪而ㅽ뵾 ?꾧끝??젏,?쒖슱?밸퀎??媛뺣궓援??移섎룞 651踰덉?,,而ㅽ뵾??205004.7797,443335.5182
151272,而ㅽ뵾??204212.7677,?쒖슱?밸퀎??媛뺣궓援??쇱꽦??114-9踰덉? ?덊뵾寃륣Q A???ㅽ?踰낆뒪 遊됱??щ줈 ?좎젙由됱젏,,445457.6694,
151331,442338.8424,?쒖슱?밸퀎??援щ줈援?援щ줈??1128-1踰덉? 援щ줈?명뀛1痢??ㅽ?踰낆뒪 而ㅽ뵾 援щ줈?명뀛??而ㅽ뵾??190990.9558,,,
151378,?ㅽ?踰낆뒪而ㅽ뵾 ?좎궗??젏,?쒖슱?밸퀎??媛뺣궓援??쇳쁽??1-3踰덉?,,而ㅽ뵾??201753.1885,446003.4452
151394,?ㅽ?踰낆뒪?몃??뺣Ц??而ㅽ뵾??205162.3148,?쒖슱?밸퀎???숇?臾멸뎄 ?대Ц??329-1踰덉?,,454785.7313,
151498,?ㅽ?踰낆뒪寃쏀씗??쇨굅由ъ젏,?쒖슱?밸퀎???숇?臾멸뎄 ?뚭린??60-40踰덉?,,而ㅽ뵾??204524.9763,454361.7357
151504,?ㅽ?踰낆뒪?꾧끝怨듭썝??而ㅽ뵾??203579.748,?쒖슱?밸퀎??媛뺣궓援???궪??788-10踰덉?,,443435.1584,
151832,而ㅽ뵾??190600.9,?쒖슱?밸퀎??援щ줈援?援щ줈??212-1踰덉? ?먯씠?ㅽ듃?덊??? 103???ㅽ?踰낆뒪 援щ줈?먯씠?ㅼ젏,,442482.539,
151915,而ㅽ뵾??202468.1651,?쒖슱?밸퀎??媛뺣궓援??쇳쁽??59-8踰덉? 1痢??ㅽ?踰낆뒪而ㅽ뵾肄붾━???꾩?蹂묒썝?ш굅由ъ젏,,446326.897,
151964,?ㅽ?踰낆뒪?듭떗由ъ뿭??而ㅽ뵾??204447.6981,?쒖슱?밸퀎???숇?臾멸뎄 ?듭떗由щ룞 497-67踰덉?,,451803.5584,
151994,?ㅽ?踰낆뒪 ?좎꽕?숈뿭,?쒖슱?밸퀎???숇?臾멸뎄 ?좎꽕??76-10踰덉?,,而ㅽ뵾??202185.9385,452713.197
152061,446902.9583,?쒖슱?밸퀎??媛뺣궓援?泥?떞??52-1踰덉? 1痢??ㅽ?踰낆뒪 而ㅽ뵾 泥?떞??而ㅽ뵾??204490.5416,,,
152273,而ㅽ뵾??190776.4685,?쒖슱?밸퀎??援щ줈援?援щ줈??222-7踰덉? 肄붿삤濡깅뵒吏?명??뚮퉴???101???ㅽ?踰낆뒪 援щ줈?붿??명??뚯젏,,442370.1437,
152527,?ㅽ?踰낆뒪 媛뺣궓?곗꽦??而ㅽ뵾??202645.88,?쒖슱?밸퀎??媛뺣궓援???궪??832-3踰덉?,,443351.145,
152603,?ㅽ?踰낆뒪而ㅽ뵾 泥?떞?곷룞?濡쒖젏,?쒖슱?밸퀎??媛뺣궓援?泥?떞??132-1踰덉?,,而ㅽ뵾??204926.5006,446665.7213
152848,?ㅽ?踰낆뒪而ㅽ뵾 ?ъ뒪肄붿궗嫄곕━??而ㅽ뵾??205009.5644,?쒖슱?밸퀎??媛뺣궓援??쇱꽦??157-36踰덉?,,445042.3254,
153016,?ㅽ?踰낆뒪 ?移섏궗嫄곕━??而ㅽ뵾??205136.9346,?쒖슱?밸퀎??媛뺣궓援??移섎룞 960-5踰덉?,,444576.067,
153078,?ㅽ?踰낆뒪而ㅽ뵾 ?좎궗媛濡쒖닔??而ㅽ뵾??201918.7048,?쒖슱?밸퀎??媛뺣궓援??좎궗??533-11踰덉?,,446631.3502,
153081,454280.0406,?쒖슱?밸퀎???숇?臾멸뎄 ?뚭린??346-18踰덉? 1痢??뚭린??쿋?쇱껜罹좏띁???ㅽ?踰낆뒪而ㅽ뵾 ?뚭린??궗嫄곕━??而ㅽ뵾??204881.3132,,,
153117,?ㅽ?踰낆뒪 寃쏀씗???而ㅽ뵾??204595.4983,?쒖슱?밸퀎???숇?臾멸뎄 ?뚭린??16-41踰덉?,,454513.1812,
153198,?ㅽ?踰낆뒪 而ㅽ뵾(?ν븳?됱뿭??,?쒖슱?밸퀎???숇?臾멸뎄 ?μ븞??433-7踰덉?,,而ㅽ뵾??205717.4698,451120.5354
153406,而ㅽ뵾??190346.4386,?쒖슱?밸퀎??援щ줈援?援щ줈??197-12踰덉? ?좎꽭怨꾩븘?댁뿏???붿??몄꽱??1痢??ㅽ?踰낆뒪?좎꽭怨꾩븘?댁뿏?⑥젏,,442638.4493,
153411,?ㅽ?踰낆뒪?몃???而ㅽ뵾??205353.6245,?쒖슱?밸퀎???숇?臾멸뎄 ?대Ц??305-60踰덉?,,454828.6061,
153490,442154.9928,?쒖슱?밸퀎??援щ줈援?援щ줈??235-2踰덉? ?먯씠?ㅽ븯?댁뿏?쒗???103???ㅽ?踰낆뒪援щ줈?섏씠?붾뱶??而ㅽ뵾??190504.7782,,,
153531,?ㅽ?踰낆뒪而ㅽ뵾 ?좎젙由됱뿭??而ㅽ뵾??203870.2672,?쒖슱?밸퀎??媛뺣궓援??쇱꽦??37-17踰덉?,,445396.6942,
153913,448008.0048,?쒖슱?밸퀎???⑹궛援??댄깭?먮룞 127-6踰덉? 吏??~吏??痢??ㅽ?踰낆뒪?댄깭?먯뿭??而ㅽ뵾??199469.5244,,,
153980,?ㅽ?踰낆뒪?꾩감?곗뿭??而ㅽ뵾??207872.907,?쒖슱?밸퀎??愿묒쭊援?援ъ쓽??75-19踰덉?,,449818.8805,
154689,而ㅽ뵾??197895.4912,?쒖슱?밸퀎??以묎뎄 ?⑤?臾몃줈4媛 17-19踰덉? 1痢??ㅽ?踰낆뒪 ???臾몃턿李쎌젏,,451035.703,
155286,?ㅽ?踰낆뒪 醫낅줈?됱갹?숈젏,?쒖슱?밸퀎??醫낅줈援??됱갹??182-11踰덉? ?섎씪鍮뚮뵫,,而ㅽ뵾??197025.8499,455981.0128
155380,?ㅽ?踰낆뒪留덊룷?⑷컯?숈젏,?쒖슱?밸퀎??留덊룷援??⑷컯??112-2踰덉? 洹쇰┛?앺솢?쒖꽕1~2,,而ㅽ뵾??194830.0064,448772.7949
155508,?ㅽ?踰낆뒪 ?깆큿??젏,?쒖슱?밸퀎???묒쿇援?紐⑸룞 602-2踰덉?,,而ㅽ뵾??188272.4726,449639.4848
156097,而ㅽ뵾??200492.7649,?쒖슱?밸퀎??以묎뎄 ?꾩?濡?媛 18-131踰덉? 1痢??ㅽ?踰낆뒪 援?┰以묒븰?섎즺?먯젏,,451583.8365,
167191,?ㅽ?踰낆뒪而ㅽ뵾 ?꾨??뷀걧釉?B2,?쒖슱?밸퀎??援щ줈援??좊룄由쇰룞 692踰덉? ?뷀걧釉뚯떆???먮ℓ B201???쇰?,,而ㅽ뵾??190107.0454,445157.6264
167192,?ㅽ?踰낆뒪而ㅽ뵾 ?꾨??뷀걧釉?2F,?쒖슱?밸퀎??援щ줈援??좊룄由쇰룞 692踰덉? ?뷀걧釉뚯떆???먮ℓ 201???쇰?,,而ㅽ뵾??190107.0454,445157.6264
167442,?ㅽ?踰낆뒪而ㅽ뵾?쒓탳??而ㅽ뵾??192602.6962,?쒖슱?밸퀎??留덊룷援??쒓탳??395-166踰덉? 1痢듭씪遺,,449899.3395,
167452,而ㅽ뵾??192733.3762,?쒖슱?밸퀎??留덊룷援??쒓탳??374-20踰덉? 1痢??ㅽ?踰낆뒪而ㅽ뵾 ?쒓탳?숈궗嫄곕━,,450133.22,
167581,?ㅽ?踰낆뒪而ㅽ뵾 ?ㅻ쪟?숈뿭??而ㅽ뵾??186212.0841,?쒖슱?밸퀎??援щ줈援??ㅻ쪟??55-50,,443782.5558,
167612,453213.1985,?쒖슱?밸퀎??留덊룷援??곸븫??1603踰덉? MBC?좎궗??1痢??ㅽ?踰낆뒪而ㅽ뵾 ?곸븫MBC??而ㅽ뵾??190282.7592,,,
167614,?ㅽ?踰낆뒪而ㅽ뵾?쒓컯???而ㅽ뵾??194432.4475,?쒖슱?밸퀎??留덊룷援??좎닔??63-14踰덉? 援ы봽?쇱옄 1痢듭씪遺,,450033.1213,
167623,?ㅽ?踰낆뒪而ㅽ뵾?숆탳??而ㅽ뵾??192861.0646,?쒖슱?밸퀎??留덊룷援??숆탳??205-6踰덉?,,450513.2473,
167714,?ㅽ?踰낆뒪而ㅽ뵾 ?좎큿?ㅺ굅由?而ㅽ뵾??194160.0167,?쒖슱?밸퀎??留덊룷援??멸퀬?곕룞 54-1踰덉?,,450323.8736,
167852,?ㅽ?踰낆뒪而ㅽ뵾?띾???而ㅽ뵾??193185.6339,?쒖슱?밸퀎??留덊룷援??숆탳??159-1踰덉?,,450550.6759,
167916,?ㅽ?踰낆뒪?곸븫?붿??명걧釉뚯젏,?쒖슱?밸퀎??留덊룷援??곸븫??1647踰덉? ?곸븫?붿??명걧釉뚮퉴??1痢듭씪遺,,而ㅽ뵾??190144.1432,452658.5259
168496,?ㅽ?踰낆뒪 ?쒗솕??젏,?쒖슱?밸퀎??醫낅줈援??숈댂??1-31踰덉? ?숇뜒鍮뚮뵫,,而ㅽ뵾??200123.4377,453357.2947
169032,?ㅽ?踰낆뒪 紐낆씪??젏,?쒖슱?밸퀎??媛뺣룞援?紐낆씪??312-28踰덉?,,而ㅽ뵾??212636.289,450041.6562
170044,而ㅽ뵾??198625.2543,?쒖슱?밸퀎??以묎뎄 紐낅룞1媛 10-1踰덉? 紐낅룞?쇳듃?대퉴??1痢?以?痢??ㅽ?踰낆뒪 紐낅룞?쇳듃?댁젏,,451373.686,
171356,?ㅽ?踰낆뒪 ?댁닔?먯씠??而ㅽ뵾??198202.4725,?쒖슱?밸퀎???숈옉援??щ떦??147-29 ?댁닔?먯씠,,442471.241,
171542,443592.9735,?쒖슱?밸퀎??媛뺣궓援??移섎룞 599 ??먮퉴???ㅽ?踰낆뒪 ?ㅽ깉由용?移쁁1??而ㅽ뵾??205464.7204,,,
171761,450615.471,?쒖슱?밸퀎??媛뺣룞援?怨좊뜒??210-1 怨좊뜒?쇳듃?댄뫖瑜댁????ㅽ?踰낆뒪 ?곸씪?숈뿭??而ㅽ뵾??214958.714,,,
172412,而ㅽ뵾??193229.0925,?쒖슱?밸퀎??留덊룷援??숆탳??165-1 誘몃옒?꾨씪???ㅽ?踰낆뒪 ?띾???踰덉텧援ъ젏,,450500.6866,
173075,?ㅽ?踰낆뒪?⑹궛?대쭅?댁뒪?섏뼱??而ㅽ뵾??197071.4032,?쒖슱?밸퀎???⑹궛援??쒓컯濡?媛 63-70,,447073.6228,
173760,?ㅽ?踰낆뒪 以묓솕??젏,?쒖슱?밸퀎??以묐옉援?以묓솕??306-68 以묓솕??HS鍮뚮뵫,,而ㅽ뵾??206852.3902,455508.596
174233,而ㅽ뵾??204213.6432,?쒖슱?밸퀎??媛뺣궓援???궪??755 ?쒖넄?꾨━???ㅽ?踰낆뒪 ??궪?대쭏?몄젏,,444113.0282,
175199,而ㅽ뵾??203894.0314,?쒖슱?밸퀎??媛뺣궓援???궪??702-10 ?꾨궓??뚮퉴???ㅽ?踰낆뒪 ?뚰뿤?濡쒖븘?⑦??뚯젏,,444624.8182,
176331,而ㅽ뵾??204537.4607,?쒖슱?밸퀎??媛뺣궓援??移섎룞 922-1 SH????ㅽ?踰낆뒪 ?移섑븳?곗젏,,444036.1667,
