1,7,7,2,0,6,,,,,,,,,,
1,,,,,,,,,,,,,,,
???? ,????? ,??????? ,?????? ,9,5,4, ,??????????????1,??지,?????? ,1,0,1,??부,??
??????????????????,,,,,,,,,,,,,,,
??????,,,,,,,,,,,,,,,
1,7,9,2,9,3,.,1,7,1,9,,,,,
4,6,4,7,6,8,.,8,9,6,5,,,,,
12960,1,?울?별??마포???동 111-1번?,??벅스커피 ?강??역,커피??194765.5276,449557.9208,,,,,,,,,,
12984,1,?울?별??마포??현??618-19번? 마포 ?? ?로?스?어,??벅스마포경찰?후?커피??195829.9552,449860.5754,,,,,,,,,,,
12985,1,?울?별??마포?공덕??254-8번? ?방빌딩,??벅스공덕,커피??195775.0185,449299.5214,,,,,,,,,,
13012,1,?울?별??마포??교??166-1번? 지??~지?????벅스 ??공항철도??,커피??193316.9003,450586.8651,,,,,,,,,,,
13038,1,?울?별??마포??교??490번? 메세?폴리스,??벅스 ?정?리?R,커피??192311.6426,449855.6439,,,,,,,,,,
13419,1,?울?별??강남??현??142-2번? JS???지?????벅스 ?현??거리??커피??201908.7511,445336.4638,,,,,,,,,,,,
13421,1,?울?별??강남??치동 944-31번? ?국?유?업?합??지?????벅스 ?성???센?R??커피??205291.4867,445028.2094,,,,,,,,,,,,
14381,1,?울?별???등?구 ?등?동1가 143-3번? ?등??J&S,??벅스?등?역??커피??191908.1188,446086.8191,,,,,,,,,,,
17300,1,?울?별??강동??사??441-12번?,??벅스 강동?사DT,커피??211419.2273,450316.3871,,,,,,,,,,
17577,1,?울?별??강남??치동 599번? ??빌????벅스 ?탈??치R,커피??205464.7204,443592.9735,,,,,,,,,,,
17793,1,?울?별??종로??송??110번? ?합?스빌딩,??벅스 ?합?스??커피??198207,452455.8332,,,,,,,,,,,
27101,1,?울?별??중구 ??문로5가 84-11번? 1???벅스 ?세?브??점,커피??197612.9951,450539.8577,,,,,,,,,,,
27646,1,?울?별???원??계??333-1번? ?계?레?더????벅스 ?계?레?더?점,커피??205391.0704,458333.9892,,,,,,,,,,,
28690,1,?울?별???원??계??372-16번? 1~2???벅스?계초교?거리점,커피??205793.6276,461589.2557,,,,,,,,,,,
29955,1,?울?별??강남?????721-13번? ?레?빌????벅스 ???레?빌?점,커피??203723.0958,444322.7362,,,,,,,,,,,
30366,1,?울?별??중구 ??문로4가 45번? ??서?상공회?소,??벅스 ??상공회?소R??커피??197620.6489,450919.8743,,,,,,,,,,,
33049,1,?울?별???봉?창동 135-26번? 창동EMART,??벅스 창동?마?점,커피??204107.0903,461072.6424,,,,,,,,,,
33570,1,?울?별??강동??내??550번?,??벅스 강동구청DT??커피??210872.7504,447441.9151,,,,,,,,,,,
34161,1,?울?별???등?구 ?의?동 55-2번? 101~104????벅스?강??,커피??193851.7999,446223.4985,,,,,,,,,,,
39993,1,?울?별??중구 광희??가 185-1번? 지???지?????벅스 ??문공?점,커피??200567.8932,451437.3288,,,,,,,,,,,
40024,1,?울?별????구 진???100-6번? 메이?카?티2?113~116????벅스커피 구파발역??커피??192902.5587,459002.3866,,,,,,,,,,,,
40080,1,?울?별??중구 ???가 6번? ?외빌딩 1???벅스 ??로내?빌?R??커피??198477.5172,451579.6342,,,,,,,,,,,,
40086,1,?울?별????구 ?암??96-1번? 1???벅스커피 ??구?구점,커피??193475.5671,455434.5453,,,,,,,,,,,
40206,1,?울?별??중구 ?공??70번? 조선?텔 1???벅스 ?공로점,커피??198232.0039,451276.3073,,,,,,,,,,,
40207,1,?울?별??중구 충무?가 25-52번? 1?5???벅스 명동??커피??198437.6434,450953.928,,,,,,,,,,,,
40225,1,?울?별???초??재??14-4번? 1???벅스커피 ?재??,커피??203189.7761,442243.6914,,,,,,,,,,,
40227,1,?울?별????문구 ?희??188-2번? 1???벅스 ?희?점,커피??193795.6214,451616.2968,,,,,,,,,,,
40228,1,?울?별??중구 ?소문동 57-9번? (1?,??벅스 ?소문배??커피??197470.5355,451184.5912,,,,,,,,,,,
40264,1,?울?별???북??암??가 104-30번?,??벅스고???커피??202556.2755,453517.967,,,,,,,,,,,
40312,1,?울?별???천??정??900-10번? 지?????벅스목동??,커피??187891.3789,447174.3792,,,,,,,,,,,
40368,1,?울?별???초?방배??444-7번? 1?4???벅스커피 ?당로데?점,커피??198353.8211,441680.7758,,,,,,,,,,,
40384,1,?울?별??중구 충무?가 52-5번? 5???벅스 ?세계본??5F,커피??198263.9084,450960.763,,,,,,,,,,,
40453,1,?울?별???초?반포??118-3번? ???? 4?BP4-9????벅스 ???파?R??커피??200514.003,444644.7712,,,,,,,,,,,,
40504,1,?울?별????문구 북아?동 149번? e?한?상?촌 1?????107????벅스 ?현??,커피??195993.9946,450618.5921,,,,,,,,,,,
40585,1,?울?별??중구 ?충??가 62-35번? 1???벅스 ???구??,커피??200478.4265,450822.6102,,,,,,,,,,,
40696,1,?울?별???천?목동 908-34번? 부?그린???3?1??116????벅스커피목동5????커피??189519.8625,448282.2561,,,,,,,,,,,,
40712,1,?울?별????문구 ?희??87-7번? ??1??(87-8) 1~2??체,??벅스커피?희DT??커피??194096.2291,451998.6006,,,,,,,,,,,
40736,1,?울?별????문구 ?촌??134번? 백양로재창조컴플?스 지?????벅스커피 ?세백양로점,커피??194584.9592,451381.5855,,,,,,,,,,,
40756,1,?울?별???동??당??168-200번? ?십리??역??enter-6) 지?????벅스?터?스??커피??203292.1519,451267.7309,,,,,,,,,,,,
40769,1,?울?별??중구 ???가 198번? OPUS11빌딩 1???벅스 ??로한???커피??198459.6563,451484.997,,,,,,,,,,,,
40795,1,?울?별???초??초??1464-22번? 1???벅스커피 ?울?트?터??커피??201023.3781,442054.4252,,,,,,,,,,,,
40865,1,?울?별???초?반포??19-3번? ?트?시??106??STARBUCKS COFFEE(??벅스커피 ?트?시?점),커피??200250.4478,444683.2205,,,,,,,,,,,
40879,1,?울?별???초??초??1303-16번? B102~B105????벅스커피 강남?비??커피??202044.6291,444504.1128,,,,,,,,,,,,
40885,1,?울?별??중구 ?소문동 75번? 지?????벅스 ?소문로??커피??197693,451195,,,,,,,,,,,,
40888,1,?울?별???동??왕????1070-3번?,??벅스 ?왕????,커피??202407.0875,451424.1977,,,,,,,,,,
40890,1,?울?별??중구 ?현??가 88번? ?테?트 ?산 지???B107????벅스 ?산?테?트,커피??198420.987,450877.8749,,,,,,,,,,,
40938,1,?울?별????문구 충정?가 470번?,??벅스 충정로역??커피??196662.3352,450999.9,,,,,,,,,,,
40959,1,?울?별??중구 ?화??1-170번? ?이????1???벅스 ?화?에?스??커피??197214.2058,451259.6719,,,,,,,,,,,,
41067,1,?울?별??중구 ???가 50번? ?성?재 ?성빌딩 1???벅스 ?청 ?러??커피??198160.4203,451559.1843,,,,,,,,,,,,
41068,1,?울?별??중구 ???가 50번? ?성?재 ?성빌딩 1???벅스 ?울?청??커피??198160.4203,451559.1843,,,,,,,,,,,,
41170,1,?울?별???산??자??45번? KDB?명???지???117????벅스커피 ?울???동??커피??197563.0698,449934.1578,,,,,,,,,,,,
41182,1,?울?별??중구 충무?가 21-1번? 1?2???벅스 ?울중앙?체?,커피??198346.5368,451039.715,,,,,,,,,,,
41373,1,?울?별??중구 명동2가 2-8번? 3???벅스 명동중앙?커피??198671.6278,451253.6425,,,,,,,,,,,,
41419,1,?울?별???북??선??가 92-1번?,??벅스 ?신????커피??201557.0137,454536.0132,,,,,,,,,,,
41446,1,?울?별???산??남??36-7번?,??벅스?남?R??커피??200896.2084,448060.5027,,,,,,,,,,,
41570,1,?울?별??중구 ?동 111번? 1???벅스 ??로국?빌?점,커피??198365.141,451631.1876,,,,,,,,,,,
41701,1,?울?별??중구 ???가 88-5번? 1???벅스 ???가??커피??198869,451583,,,,,,,,,,,,
41749,1,?울?별??중구 ?인??132번?,??벅스 ?당??,커피??201198.0189,451459.4911,,,,,,,,,,
41819,1,?울?별????구 진???65번? 101??105??108????벅스 구파발사거리,커피??192976.6252,460038.6713,,,,,,,,,,,
41831,1,?울?별???초??초??1327-29번? ?초?라?106????벅스커피 ?초?라곤점,커피??202355.1981,443637.8891,,,,,,,,,,,
42078,1,?울?별???산?갈월??90-8,??벅스?영??커피??197477.9826,448957.2477,,,,,,,,,,,
42085,1,?울?별???산??산??가 ??1-3번? 1???벅스?울??점,커피??198994.0019,449630.9532,,,,,,,,,,,
42087,1,?울?별???초??초??1439-14번? 1???벅스커피 ?초?점,커피??201837.5694,442638.7807,,,,,,,,,,,
42116,1,?울?별??중구 ?각??115번? 1???벅스 ??로경기빌??커피??198448.8484,451658.3045,,,,,,,,,,,,
42150,1,?울?별???북?길음??20-1 ??백화???????벅스??미아??커피??202466.8011,456227.5717,,,,,,,,,,,,
42215,1,?울?별????문구 충정?가 464번? (101?? 지?????벅스충정???커피??196752.764,450838.5976,,,,,,,,,,,,
42288,1,?울?별??중구 ???가 199-33번? 1???벅스 명동메트?커피??198492.8019,451427.349,,,,,,,,,,,,
42345,1,?울?별???천??정??981-15번? 지??~2???벅스?정DT??커피??187455.9465,446655.868,,,,,,,,,,,,
42424,1,?울?별??중구 ???가 204번? ?화???1?101????벅스 ??로삼????커피??198591.4875,451623.0202,,,,,,,,,,,,
42531,1,?울?별??중구 ?평?가 25번? 1???벅스 ?국?레?센?점,커피??197964.0955,451694.0357,,,,,,,,,,,
42596,1,?울?별???초??초??1699-3 1???벅스커피 교?법원??커피??201114.6618,443800.338,,,,,,,,,,,,
42612,1,?울?별??중구 ??문로5가 526번? ??재?빌??1?-1 ~ 2?2-1A,??벅스 ??재?빌?점,커피??197738.779,450468.9431,,,,,,,,,,
42723,1,?울?별???천??정??319-23번? ?피?빌??지?????벅스목동8????커피??188335.8559,446489.6747,,,,,,,,,,,,
42873,1,?울?별???북??북??가 35-1번? 101????벅스 ?성??구??,커피??200362.9989,454081.3418,,,,,,,,,,,
42904,1,?울?별??중구 명동2가 2-16번? 1.2.3???벅스 명동 중앙?커피??198674.6736,451271.2187,,,,,,,,,,,,
43042,1,?울?별???초??초??1317-23 GT??동관 (1?),??벅스커피 강남GT??점,커피??202247.7061,443957.177,,,,,,,,,,
43099,1,?울?별???동??수??가 333-16번? ?마?매??(지???,??벅스 ?수?마?점,커피??204614.2727,448607.4413,,,,,,,,,,
43242,1,?울?별???초?반포??748-1 1???벅스커피 ?논?역??커피??202020.5407,444789.8017,,,,,,,,,,,,
43245,1,?울?별??중구 충무?가 54번? ?세계백?점6F,??벅스 ?세계본??F,커피??198253.896,450905.2845,,,,,,,,,,
43256,1,?울?별??중구 ???가 24-1번?,??벅스 중구??점,커피??199078.3726,451354.5064,,,,,,,,,,
43295,1,?울?별??중구 ?동2가 10번? (충무빌딩 1?,??벅스 충무로역??커피??199393.7481,451020.3172,,,,,,,,,,,
43337,1,?울?별??관?구 봉천??856-6번? BS?????벅스 관?서???구R??커피??195749.8078,441904.518,,,,,,,,,,,,
43746,1,?울?별????문구 ??좌동 385번? DMC?크뷰자????벅스 가?울???점,커피??192672.0675,452221.9607,,,,,,,,,,,
45446,1,?울?별??중구 ???가 18-12번? 2?41????벅스 ??문두???커피??200703.6256,451836.4583,,,,,,,,,,,,
46302,1,?울?별???작??당??252-15 ????남??????벅스 ?성??,커피??197513.7186,442441.9497,,,,,,,,,,,
46775,1,?울?별???북?길음??25-2 ?세??마??미아??1~2???벅스 미아?마?점,커피??202555.3009,456503.0662,,,,,,,,,,,
48730,1,?울?별??관?구 봉천??1660-1번?,??벅스 ?성???,커피??196499.3118,441722.928,,,,,,,,,,
48821,1,?울?별??강남?????648-22번? D.A?에?성?외???벅스 ??사거리??커피??202731.24,444156.6,,,,,,,,,,,,
50935,1,?울?별??종로??주??128-27번? ?원빌딩 1???벅스 경희궁로??커피??197484.9839,452162.3045,,,,,,,,,,,,
59532,1,?울?별???산??강?가 342번? 1??산???상가 103????벅스?용?역??커피??196961.5918,447392.5912,,,,,,,,,,,,
59669,1,?울?별??중구 ??문로5가 120-0번? 지?????벅스 ?산?암??커피??197761.3527,450694.3175,,,,,,,,,,,,
59989,1,?울?별???동??선??58-1번?,??벅스 ?십리역??커피??202932.382,451169.5243,,,,,,,,,,,
60072,1,?울?별???산?갈월??69-5 (지??~3?,??벅스???구??,커피??197451.0447,449107.8815,,,,,,,,,,
60346,1,?울?별????문구 ?촌??134번? ?종?? (지???,??벅스 ?세종합관??커피??194584.9592,451381.5855,,,,,,,,,,,
60727,1,?울?별????문구 충정?가 191번? ?원골드??????벅스 경기???커피??196801.6616,451267.8097,,,,,,,,,,,,
60875,1,?울?별???천?목동 404-13번? 목동?트?푸르???101????201????벅스 ?목교역??커피??189031.8299,446838.0867,,,,,,,,,,,,
61023,1,?울?별???동??왕????700번?,??벅스 ?학?거리점,커피??202310.0242,451594.7072,,,,,,,,,,
61051,1,?울?별???파?문정??651번?,??벅스 문정??,커피??210749,442560,,,,,,,,,,
61150,1,?울?별???초?방배??812-2 1???벅스커피 방배??커피??199099.266,443309.2397,,,,,,,,,,,,
61326,1,?울?별???천?목동 923번? ?신비젼?라??107????벅스커피 목동7????커피??188494.599,447318.6605,,,,,,,,,,,,
61351,1,?울?별???초??원??58-24번? ?반??1차상가 지?????벅스 반포??,커피??201104.269,445266.6786,,,,,,,,,,,
61417,1,?울?별???북??소문동2가 11번?,??벅스?선교점,커피??200571.6309,454038.3821,,,,,,,,,,
61567,1,?울?별???북?종암??3-686번?,??벅스종암??커피??202932.3846,455431.2683,,,,,,,,,,,
61595,1,?울?별???북??월곡동 46-73 코업???래??101-1,??벅스 ?곡??,커피??203502.0041,455500.569,,,,,,,,,,
61708,1,?울?별???동??수??가 14-33번? ?명빌딩 1???벅스 ?섬??,커피??204270.5772,449354.5236,,,,,,,,,,,
61709,1,?울?별???동??수??가 14-33번? ?명빌딩 2???벅스 ?섬??,커피??204270.5772,449354.5236,,,,,,,,,,,
61710,1,?울?별???동??수??가 14-33번? ?명빌딩 3???벅스 ?섬??,커피??204270.5772,449354.5236,,,,,,,,,,,
61738,1,?울?별???초??초??1457-1번? 1???벅스 ????????커피??201188.4012,442464.4743,,,,,,,,,,,,
61761,1,?울?별????문구 창천??72-12번? 1~2???) 케?스?어?촌,??벅스 ?촌??,커피??194170.4082,450453.3605,,,,,,,,,,
61796,1,?울?별????문구 ??동 11-1번? ?화?자??교 ?화캠퍼?복?단지(지???,??벅스???씨??ECC)??커피??195287.7664,451143.7893,,,,,,,,,,,
61880,1,?울?별????문구 창천??13-19번? 준?빌??1?5???벅스 ?촌명물거리??커피??194463.7933,450617.148,,,,,,,,,,,,
61890,1,?울?별???동??수??가 317-20번? 1???벅스 ?수??,커피??204962.6586,448995.7614,,,,,,,,,,,
61939,1,?울?별???북?종암??29-10번?,??벅스 종암DT??커피??203117.2825,454401.3604,,,,,,,,,,,
61958,1,?울?별???초??초??1327-5번? 1-2???벅스강남?성??점,커피??202386.3251,443701.681,,,,,,,,,,,
61959,1,?울?별???등?구 ?의?동 36번? ?캐슬 ?파?어 1?104????벅스 ?캐슬 ?의?점,커피??193421.6283,446448.1576,,,,,,,,,,,
62025,1,?울?별???북??암??가 92번?,??벅스 ?암??,커피??202644.6523,453759.8867,,,,,,,,,,
62043,1,?울?별???북??월곡동 89-7번?,??벅스 미아??커피??202521.2098,456141.6308,,,,,,,,,,,
62143,1,?울?별???초?방배??908-10번? ?성빌딩 지?????벅스방배??,커피??199722.1617,442202.6141,,,,,,,,,,,
62163,1,?울?별???초??초??1307-19번? 1-2???벅스강남II??커피??202178.3606,444206.9649,,,,,,,,,,,,
62215,1,?울?별???초??초??1657-5번? 1???벅스 교???커피??201188.2459,443351.1208,,,,,,,,,,,,
62381,1,?울?별???초??초??1542-14번? 1???벅스 ?초??,커피??200692.6101,443164.7088,,,,,,,,,,,
62382,1,?울?별???초??재??4-3번? 1???벅스?동2교점,커피??203697.9224,442204.6013,,,,,,,,,,,
62596,1,?울?별????문구 ??동 115번? ?세?단Y빌딩 지????제?1?,??벅스 ???문,커피??195188.2422,451572.5632,,,,,,,,,,
62623,1,?울?별???초??초??1445-4번? 101????벅스?????점,커피??201430.9,442500.6304,,,,,,,,,,,
62733,1,?울?별???초?반포??92-1번? 1???벅스 ?래마을?구??커피??199798.1944,444116.1676,,,,,,,,,,,,
62818,1,?울?별???파??실??40-0번? 갤러리아?리??1?07????벅스(갤러리아?리?점),커피??208233.927,445435.2576,,,,,,,,,,,
62885,1,?울?별??중구 ?공??87-1번? ????(지???,??벅스 ?구?점,커피??198172.1511,451350.9692,,,,,,,,,,
62898,1,?울?별??중구 ?화??151번? ?스코더??A??102??지???,??벅스?화?더?점,커피??197462.1988,450878.2118,,,,,,,,,,
62965,1,?울?별???산??강?가 40-999번?,??벅스?산?이?크몰점,커피??196762.0774,447480.0396,,,,,,,,,,
63067,1,?울?별????문구 창천??33-9번? ??1??(33-10) 가??2~4???벅스????커피??194336.735,450721.6391,,,,,,,,,,,,
63185,1,?울?별??중구 ?학??2545번? ?캐슬베네치아,??벅스 ?학캐슬??커피??201823.909,452076.8187,,,,,,,,,,,
63233,1,?울?별????구 ?암??90-1번? (?암?마?????,??벅스??이마트??커피??192882.8377,455340.5406,,,,,,,,,,,
63295,1,?울?별???초??초??1318-8번? 1???벅스 몬테?리??커피??202305.7023,444007.8968,,,,,,,,,,,,
63312,1,?울?별???파?방이??89-12번? ?림?스?츠?터 지?????벅스커피 ?림?아?트??커피??211708.2647,445907.5829,,,,,,,,,,,,
63325,1,?울?별??중구 ?소문동 135번? ?시????지??1???벅스 ?시????점,커피??197546.5912,451007.2804,,,,,,,,,,,
63439,1,?울?별???파?가?동 79번? ?캐슬?인??101-1????벅스 가?시?역??커피??210681.5759,443586.1879,,,,,,,,,,,,
63530,1,?울?별??중구 ??문로5가 9-1번? ???? ??문업무빌??지???,??벅스 ???문점,커피??197572.6089,450733.2113,,,,,,,,,,
63550,1,?울?별???초??초??1451-95번? 1???벅스 ?술?전?점,커피??201124.6753,442107.3256,,,,,,,,,,,
63683,1,?울?별???파??실??175번? ?플???1???벅스 ?시?선?촌??커피??206919.4781,445370.2017,,,,,,,,,,,,
63728,1,?울?별???파?????884번?,??벅스 ?파????커피??212681,442001,,,,,,,,,,,
63748,1,?울?별???초??초??1572-4번? 1???벅스 ?초법원??커피??200973.9574,443398.8267,,,,,,,,,,,,
63764,1,?울?별???등?구 ?등?동3가 2-21번? 지?????벅스커피 코리???등?본?점,커피??191935.8472,446275.9613,,,,,,,,,,,
63880,1,?울?별???등?구 ?의?동 17-9번? ?하?스?호 1?109????)~113????벅스?의?KBSR??커피??192696.2653,447151.9617,,,,,,,,,,,,
63944,1,?울?별???파?방이??181번? 지???101????벅스커피 ?림?공?남문점,커피??210806.1788,445687.2878,,,,,,,,,,,
64055,1,?울?별???초?방배??907-1번? ?이치빌??101????벅스 방배?이치빌?점,커피??199584.6665,442461.9578,,,,,,,,,,,
64087,1,?울?별???등?구 ?의?동 35-4번? ?국?재보험?회 1???,??벅스?의?화?보??커피??193417.0802,446590.4671,,,,,,,,,,,
64135,1,?울?별???초?반포??19-3번? ?트?시?빌??118-2????벅스 ?트?F1??커피??200250.4478,444683.2205,,,,,,,,,,,,
66021,1,?울?별???천?목동 907-18번? 1???벅스 목동?리공원??커피??189224.6847,448126.3704,,,,,,,,,,,,
66873,1,?울?별???동?금호??가 1483번?,??벅스 금호??,커피??201284.6117,449529.8716,,,,,,,,,,
67839,1,?울?별???초?방배??1022-5번? 감정???회관 1???벅스 방배로점,커피??199888.9356,441907.2291,,,,,,,,,,,
67933,1,?울?별???등?구 ?등?동4가 442번? ??스?어,??벅스??스?어R??커피??191385.0574,446098.5559,,,,,,,,,,,
68437,1,?울?별???산??창??13-2번? ?산 ?캐슬 ?터?레,??벅스?창공원?역??커피??196660.7089,448557.6503,,,,,,,,,,,
68549,1,?울?별???동??수??가 656-335번?,??벅스 ?울?역??커피??203903.3536,448846.8202,,,,,,,,,,,
68625,1,?울?별???작??량진동 333번? 고려교육????바?엘?강,??벅스 ?량진동??커피??195240.6265,445648.0721,,,,,,,,,,,
68642,1,?울?별??강남??현??18-4번? ?일빌딩,??벅스 ?사???빌?점,커피??201757.1057,445748.2452,,,,,,,,,,
82635,1,?울?별???작??량진동 62-8 ?도?????벅스?량진역??커피??194703.2815,445682.7783,,,,,,,,,,,,
83070,1,?울?별???작??도??475-5,??벅스커피????구??,커피??195819.4551,444158.1283,,,,,,,,,,
83079,1,?울?별??강서??촌??678-14번? 그랜?백?점 (지??1? 주차?동,??벅스커피 발산??,커피??185732.4244,450884.5288,,,,,,,,,,
83087,1,?울?별??강서?마곡??773-2번? 마곡지?????(지??1? 117??~120????벅스 마곡GMG??커피??184816,450938,,,,,,,,,,,,
83111,1,?울?별??강서?마곡??776-6번? ?싹???(지??1? 1~2????벅스 ?천?교??커피??185852,451639,,,,,,,,,,,,
83113,1,?울?별??강서??곡??772-67번? (지??~3?,??벅스 ?곡DT??커피??187838.2316,448093.6329,,,,,,,,,,,
83329,1,?울?별??강북?미아??121-19번?,??벅스 미아??,커피??202280.2302,458199.6442,,,,,,,,,,
83367,1,?울?별???작??당??1031-27번?,??벅스 ?당??,커피??198280.6647,441811.9827,,,,,,,,,,
83426,1,?울?별???작??도??324-1,??벅스 ??방삼거리??,커피??193896.3848,444196.4848,,,,,,,,,,
83477,1,?울?별???작??석??205-5,??벅스중앙???커피??196227.8362,444972.8995,,,,,,,,,,,
83603,1,?울?별??강북?번동 418-17번? (지???,??벅스?유??,커피??202262.0644,459520.7057,,,,,,,,,,
83708,1,?울?별??강서?가?동 449-19번? 가?이마트 (지??1? 매장????벅스 가?이마트??커피??187761.1943,450640.2145,,,,,,,,,,,,
83725,1,?울?별???작??도??501-9번?,??벅스?????커피??195941.164,443689.6259,,,,,,,,,,,
83826,1,?울?별??강서??촌??73-1번? 금?빌딩 (지??? A????벅스 가?역??커피??186966.0362,451047.2873,,,,,,,,,,,,
83832,1,?울?별??강서??창??282-23 (지??1?,??벅스커피 ?창??,커피??188843.429,449461.1525,,,,,,,,,,
83878,1,?울?별??광진?구의??246-15번? 1???벅스커피 구의??,커피??207359.0772,448305.4414,,,,,,,,,,,
83992,1,?울?별??강서??발?동 719-6번? ?화?핑?터 (지??1? 014~017????벅스 ?장?역??커피??185431.0666,449714.8138,,,,,,,,,,,,
84178,1,?울?별??강서??곡??343-1번? ??1?? ?진빌딩 (지??1?지??1?,??벅스커피 까치?역??커피??186327.695,447795.9403,,,,,,,,,,,
84249,1,?울?별??강북?미아??812-2번?,??벅스 미아???점,커피??201794.7913,457341.5632,,,,,,,,,,
84259,1,?울?별??광진?구의??589-10번? 구의?림아?로리버 109????벅스커피강???,커피??208135.5074,448204.0917,,,,,,,,,,,
84367,1,?울?별??광진?군자??478-5번? 1~2???벅스커피 군자??,커피??206896.6972,450515.5757,,,,,,,,,,,
84385,1,?울?별??광진?구의??67-7번? 1?2???벅스커피구의?티(DT)??커피??207644.67,449227.7142,,,,,,,,,,,,
84509,1,?울?별??강남????44-12번?,??벅스커피 강남구청?문??커피??203993.7255,446236.536,,,,,,,,,,,
84542,1,?울?별??광진??양??779번? ??더모스?광진아?로??110????벅스커피 ?양?거리점,커피??207202.1366,448365.6601,,,,,,,,,,,
84561,1,?울?별???원??계??333-1번?,??벅스?계?마?점,커피??205391.0704,458333.9892,,,,,,,,,,
84632,1,?울?별??강동?천호??453-14번?,??벅스 천호로데?점,커피??211184.9085,448405.5485,,,,,,,,,,
84634,1,?울?별??강동??내??441-2번?,??벅스 ?촌?점,커피??211769.2321,446732.6402,,,,,,,,,,
84795,1,?울?별??강동??내??468번? ???파?101????벅스커피 ?림?공??북문??커피??211064.097,447034.5346,,,,,,,,,,,,
84875,1,?울?별??강동?천호??447-17번?,??벅스 강동??,커피??211712.4293,448270.9577,,,,,,,,,,
85033,1,?울?별??강남??성??141-28번? ?신빌딩,??벅스 ?릉?신빌딩R??커피??204389.2637,444809.6501,,,,,,,,,,,
85051,1,?울?별??금천??흥??904-22번? 지?????벅스 금천?흥??커피??191368.5221,438529.3631,,,,,,,,,,,,
85187,1,?울?별??강남?????697-45번?,??벅스 ?릉로점,커피??204061.415,444757.5319,,,,,,,,,,
85357,1,?울?별??금천?가?동 371-28번? ?림?이?스밸리 B-107.108,??벅스가?디지?점,커피??189538.0209,441982.4279,,,,,,,,,,
85504,1,?울?별??강동??내??62-4번? ?승빌딩1???벅스천호??,커피??210921.8374,448409.2657,,,,,,,,,,,
85516,1,?울?별??금천?가?동 60-27번? 지???(???단지?285),??벅스 W-Mall??커피??189997.4557,441687.8412,,,,,,,,,,,
85616,1,?울?별??금천?가?동 50-3번? ???트????106????벅스 가?디지?단지??커피??189662.9592,442139.5145,,,,,,,,,,,,
85644,1,?울?별??강서?방화??293-4 ??2?? ??빌딩 (지??2~3?,??벅스 방화DT,커피??183704.3002,452482.3973,,,,,,,,,,
85858,1,?울?별??강북?미아??35-30번? ??2??,??벅스커피 미아?거리역??커피??202647.3924,456612.3679,,,,,,,,,,,
85916,1,?울?별??광진??양??507-6번? ?튼??리?지?108????벅스(?양??,커피??206043.3588,448141.6654,,,,,,,,,,,
85966,1,?울?별??금천??산??291-1번? TL108,??벅스커피 금천?산??커피??190694.8803,440764.4263,,,,,,,,,,,
86008,1,?울?별??금천?가?동 60-20번? 마리?아?렛3관 지?????벅스 커피 마리?아?렛??커피??189759.7131,441814.1159,,,,,,,,,,,,
86291,1,?울?별???원??계??712 1???벅스 ?원??,커피??205226.6368,461377.8231,,,,,,,,,,,
86547,1,?울?별???원??계??723번?,??벅스 ?원케?티(KT)??커피??205550.9084,461343.0622,,,,,,,,,,,
87011,1,?울?별???파?문정??150-26번? ??리샤르망 101~104????벅스커피 ?림?훼미리??커피??210226.6978,443267.2288,,,,,,,,,,,,
87042,1,?울?별???파?방이??22-5번?,??벅스 ?파구청??커피??209427.4102,445829.7259,,,,,,,,,,,
87066,1,?울?별???등?구 ?의?동 23번? IFC?지???178????벅스?의?IFC?L1)R,커피??193326.931,446973.9146,,,,,,,,,,,
87239,1,?울?별???파?문정??292번? 가?파?브 ?동 지????마?내 B1-26,??벅스 가?파?브,커피??210535.0896,442137.5787,,,,,,,,,,
87262,1,?울?별???파??천??7-30번?,??벅스 ?실???단R??커피??208688.1551,445954.1766,,,,,,,,,,,
87401,1,?울?별??종로??린??33번?,??벅스?풍문고??커피??198351.8187,451921.603,,,,,,,,,,,
87408,1,?울?별??종로?교북??126번? 경희궁자??4??,??벅스 ?립문역,커피??196732.9524,451863.8263,,,,,,,,,,
87423,1,?울?별??종로??선??156번? 광화문플?티??1?101????벅스???울?R,커피??197595.1613,452460.0546,,,,,,,,,,,
87445,1,?울?별??종로??의??48-2번?,??벅스주얼리시?점,커피??199812.6096,452132.6483,,,,,,,,,,
87549,1,?울?별??종로??직??9번? 광화??림?페?스???벅스 ?페?스본점,커피??197181.3933,452458.8267,,,,,,,,,,,
87640,1,?울?별??종로?명륜3가 154-3번? 지??~2???벅스???구??커피??199782.5422,453412.7926,,,,,,,,,,,,
87704,1,?울?별??종로??문?가 163번? 광화문오?시?빌??03??03????벅스 ?문?로??커피??197713.2649,451938.0377,,,,,,,,,,,,
87910,1,?울?별???초??초??1623-1번? 1???벅스 ?울교???커피??201279.4432,442806.7092,,,,,,,,,,,,
87945,1,?울?별???초??초??1365-23번? 1???벅스 ?초구청??커피??202591.5852,442462.7064,,,,,,,,,,,,
88018,1,?울?별???등?구 ?의?동 43-4번? ?캐슬?이?1???22????벅스커피 ?여?도??커피??193896.2821,446442.5714,,,,,,,,,,,,
88019,1,?울?별???등?구 ?의?동 23-6번? 1???벅스?의?역R,커피??193165.4901,446797.3414,,,,,,,,,,,
88231,1,?울?별???등?구 ?의?동 45-21번? ?리?츠???1???벅스커피?의?ABL??점,커피??193553.4728,446289.3893,,,,,,,,,,,
88318,1,?울?별??종로?관철동 43-9번? 지?????벅스 광교??커피??198533.5398,451850.2721,,,,,,,,,,,,
88425,1,?울?별???파??전??130-2 지?????벅스 ?촌?호,커피??208461.7118,444909.4852,,,,,,,,,,,
88436,1,?울?별??종로?관?동 59-7번? (?울극장 1?,??벅스 ?울극장??커피??199205.3298,451945.822,,,,,,,,,,,
88460,1,?울?별??종로??린??154-1번? 광화문우체국,??벅스 광화문우체국,커피??197995.2188,451945.0472,,,,,,,,,,
88697,1,?울?별???등?구 ?평??가 2번? ?레빌딩 ?? 1???벅스(?유?이?빌?점),커피??190834.8799,447975.9314,,,,,,,,,,,
88748,1,?울?별???초?반포??736-2 1???벅스 강남?로논?R??커피??201928.4882,445018.4336,,,,,,,,,,,,
88774,1,?울?별???등?구 ?등?동4가 442번? 지?????벅스??스?어B2??커피??191385.0574,446098.5559,,,,,,,,,,,,
88790,1,?울?별???등?구 ?평??가 98-5번? 1???벅스(?유?역??,커피??190613.7058,448341.565,,,,,,,,,,,
88859,1,?울?별???초??초??1329-7번? 1???벅스 ?초?성?거리점,커피??202513.1194,443478.8069,,,,,,,,,,,
89097,1,?울?별??종로?관?동 3-5번?,??벅스 종로관?점,커피??198930.0229,451940.7683,,,,,,,,,,
89178,1,?울?별??종로?중학??14번? ?윈?리 B??101????벅스 경복궁사거리??커피??198176.1592,452574.6715,,,,,,,,,,,,
89248,1,?울?별???등?구 문래??가 77-1번? ?창??빌 지?????벅스 문래?점,커피??190176.6272,446383.6614,,,,,,,,,,,
89262,1,?울?별???초?반포??19-4번? ?울고속버스????본?(?포)1?18????벅스커피 ?울고속???점,커피??200554.744,444811.3648,,,,,,,,,,,
89265,1,?울?별??종로??송??156번? 1?01????벅스 종로구청??커피??198260.0632,452262.4846,,,,,,,,,,,,
89268,1,?울?별??종로?????310번?,??벅스 ?묘?역??커피??201350.4734,452279.7443,,,,,,,,,,,
89312,1,?울?별???초??원??21-7번? 1???벅스커피 강남?로신??커피??201650.4901,445846.62,,,,,,,,,,,,
89370,1,?울?별???등?구 ?등?동4가 434-5번? B관 지?????벅스?세계??스?어B2??커피??191581.5003,446108.8072,,,,,,,,,,,,
89438,1,?울?별???등?구 ?의?동 15-15번? 1???,??벅스커피?의?일?점,커피??192878.6628,447300.2534,,,,,,,,,,
89460,1,?울?별???파??촌??286-9 1???벅스 ?촌??커피??209314.5573,444678.0054,,,,,,,,,,,,
89557,1,?울?별???등?구 ?의?동 34-11번? ?양증권 1???벅스커피?의?한?증권점,커피??193659.1402,446692.9922,,,,,,,,,,,
89559,1,?울?별???등?구 ?산??가 338-1번? 경진빌딩 지?????벅스커피?산??커피??191096.383,448115.6414,,,,,,,,,,,,
89650,1,?울?별??종로????19번? 지??~3???벅스 종로?송??커피??198225.363,452155.1216,,,,,,,,,,,,
89744,1,?울?별??중랑?묵동 170-1 ?마?묵?점 지???B101????벅스묵동?마?점,커피??206777.7314,456837.2196,,,,,,,,,,,
89919,1,?울?별???등?구 ?의?동 23번? ???이?프?동 1?101????벅스커피?의?IFC,커피??193326.931,446973.9146,,,,,,,,,,,
89928,1,?울?별??종로??건??128-8번?,??벅스 ??로??커피??200059.5961,452693.9469,,,,,,,,,,,
89995,1,?울?별???등?구 ?길??252-9번? ???? 1~2???벅스커피?등?신길DT,커피??191979.4002,444714.5643,,,,,,,,,,,
89997,1,?울?별??중랑??내??563-3번?,??벅스 중랑구청??커피??208382.9769,455900.3257,,,,,,,,,,,
90108,1,?울?별???초??초??1303-22번? 1???벅스 강남교보??R??커피??202058.6747,444618.1673,,,,,,,,,,,,
90138,1,?울?별???등?구 ?등?동8가 35-1번? 리마?빌 1?106????벅스?등?KT??커피??191536.0371,447172.0534,,,,,,,,,,,,
90146,1,?울?별???등?구 ?의?동 12번? 1?102????벅스?의?공?R,커피??193293.252,447448.3429,,,,,,,,,,,
90365,1,?울?별??종로??송??146-1번? 지?????벅스 ?마빌딩??커피??198076.879,452402.1953,,,,,,,,,,,,
90440,1,?울?별??종로?관철동 12-15번? 2???벅스 종로관철점,커피??198692.6279,451865.6943,,,,,,,,,,,
90457,1,?울?별???등?구 ?의?동 44-22번? ?성빌딩지?????벅스커피 ?의?호??커피??193677.1246,446467.5965,,,,,,,,,,,,
90494,1,?울?별??종로??의??35-41번? ??4?? 1???벅스 경복궁역,커피??197524.1878,452766.6018,,,,,,,,,,,
90500,1,?울?별???파?가?동 125-6번? 지?????벅스 문정로데?점,커피??211101.3948,443302.5846,,,,,,,,,,,
90565,1,?울?별???등?구 ?의?동 13-19번? ?중빌딩 지?????벅스커피 ?의???사?점,커피??192956.1254,447539.7495,,,,,,,,,,,
90610,1,?울?별??종로?계동 101-14번? 1~3???벅스 북촌로점,커피??198734.7836,453017.3864,,,,,,,,,,,
90660,1,?울?별???등?구 ?의?동 17-3번? ?흥빌딩 1???벅스??사?역??커피??192585.6934,447295.1942,,,,,,,,,,,,
90807,1,?울?별??종로?종로3가 9-3번?,??벅스 종로3가??커피??199066.4682,452033.9927,,,,,,,,,,,
90832,1,?울?별??중랑??봉??501번?,??벅스커피 ?봉,커피??208076.3867,455017.5286,,,,,,,,,,
90848,1,?울?별??중랑?면목??617-2번? 지?????벅스커피 ???역??커피??207702.8399,453039.3455,,,,,,,,,,,,
90899,1,?울?별??중랑??봉??130-3번?,??벅스커피 중랑??,커피??206526.0022,454549.1674,,,,,,,,,,
90918,1,?울?별??중랑??봉??100-2번?,??벅스코리???봉??,커피??207584.9182,454966.7437,,,,,,,,,,
93307,1,?울?별??강서?마곡??798-3번? 1?101~104????벅스 마곡??,커피??,,,,,,,,,,,,
94081,1,?울?별??종로??동 108-1번? 강북?성병원,??벅스 강북?성병원??커피??197111.9696,451776.4437,,,,,,,,,,,
103310,1,?울?별??관?구 봉천??861-6,??벅스 ?울???,커피??195699.0482,442163.0961,,,,,,,,,,
103378,1,?울?별??강서??촌??668-9번? (지??1?,??벅스커피 ?촌??커피??186173.478,450677.7932,,,,,,,,,,,
103479,1,?울?별??관?구 봉천??1657-3번?,??벅스 ?성?DT??커피??196846.6127,441555.9467,,,,,,,,,,,
103585,1,?울?별??관?구 ?현??1060-10번?,??벅스커피?당??커피??198248.9424,441541.5998,,,,,,,,,,,
103597,1,?울?별??관?구 ?림??564-12번?,??벅스 ?림DT??커피??191828.7797,442094.3295,,,,,,,,,,,
103733,1,?울?별??관?구 ?림??1422-35번?,??벅스커피 ?림?거리점,커피??193781.8082,442506.7153,,,,,,,,,,
103923,1,?울?별??관?구 봉천??869-1번? 지??~3???벅스커피 ?울??구??,커피??195625.0759,442105.4431,,,,,,,,,,,
104019,1,?울?별??관?구 봉천??729-21번?,??벅스커피 보라매?교점,커피??193350.027,443216.7506,,,,,,,,,,
104066,1,?울?별??관?구 ?림??1641-2번?,??벅스 ?림???몰??커피??193754.4274,442407.2012,,,,,,,,,,,
104122,1,?울?별??관?구 ?림??1432-71번?,??벅스 ?림??커피??193665.7688,442658.667,,,,,,,,,,,
104726,1,?울?별??중구 ?평?가 69-7번? 1???벅스 ?평로점,커피??197881.0821,451134.9937,,,,,,,,,,,
106468,1,?울?별???파?문정??642번? ?파 ?라???,??벅스 문정법원로R,커피??210627,442875,,,,,,,,,,
108930,1,?울?별??강남??성??159번? 코엑????벅스 코엑??별마?점,커피??205130.5917,445590.0968,,,,,,,,,,,
109180,1,?울?별??강남??성??108-6번? JBK TOWER 빌딩,??벅스 봉??역??커피??205511.545,445869.825,,,,,,,,,,,
109507,1,?울?별??금천??흥??1031번?,??벅스 금천구청??,커피??,,,,,,,,,,,
109803,1,?울?별???작??도1??666-5번?,??벅스 ?도??,커피??195371.7806,444561.3864,,,,,,,,,,
111174,1,?울?별??강동?명일??353-2번?,??벅스 굽??리??,커피??212594.4291,449246.8776,,,,,,,,,,
111489,1,?울?별???산??계??219-17 ?울??림아?원?러??102????벅스 ?울??부??커피??197142.9508,450296.5892,,,,,,,,,,,,
112814,1,?울?별??종로??화??90-18번? ?화?씨?밸???벅스 ?숭길입구점,커피??200113.8747,453549.5264,,,,,,,,,,,
112875,1,?울?별???파?가?동 479번? ?리?시????벅스 ?파?리?시?점,커피??209394.2313,443951.2369,,,,,,,,,,,
113225,1,?울?별??강남??사??592번? ?성빌딩,??벅스 ?구?윤?빌?점,커피??202456.485,446733.385,,,,,,,,,,
119163,1,?울?별???천?목동 917-6번? ?복?세????벅스 목동?복?점,커피??188977.1711,447466.355,,,,,,,,,,,
119475,1,?울?별??강남??곡??956번? ?브??강남빌딩,??벅스 ?재강남빌딩R??커피??203168.515,442571.3535,,,,,,,,,,,
119476,1,?울?별??강남??사??621-1번?,??벅스 ?구?R??커피??202855.6586,447241.6055,,,,,,,,,,,
119509,1,?울?별??강서?마곡??796-3번? 마곡?이?스???(지??1~2?,??벅스 마곡?이?스??R??커피??185247,450934,,,,,,,,,,,
123276,1,?울?별??중랑?묵동 169-12번?,??벅스 묵동??커피??206715.541,457004.8747,,,,,,,,,,,
125726,1,?울?별???파?방이??44-3 ???픽????벅스 몽촌?성??,커피??209929.5748,446085.1213,,,,,,,,,,,
126269,1,?울?별??구로?구로??573 NC백화????벅스 구로NC??커피??189570.3609,444336.0513,,,,,,,,,,,,
127875,1,?울?별??광진??양??227-7 ?샵???티 지?????벅스 ?양?마?점,커피??206349.675,448396.9397,,,,,,,,,,,
128394,1,?울?별??중구 ??문로5가 253,??벅스 ???문에?????커피??197720.3979,450577.0934,,,,,,,,,,,
128488,1,?울?별???파?마천??43-1,??벅스 ?파마천?거리DT??커피??212986.1017,444178.7844,,,,,,,,,,,
128814,1,?울?별??강동?천호??431-4 ?경빌딩,??벅스 천호?거리점,커피??210830.1344,448618.9908,,,,,,,,,,
129270,1,?울?별???산??효?가 133-3 리첸?아 ?산,??벅스?산리첸?아??커피??197045.8495,448447.559,,,,,,,,,,,
138809,1,?울?별??강남??치동 993-1,??벅스 ?치삼?프?자??커피??205840.185,444245.655,,,,,,,,,,,
139351,1,?울?별???동??수??가 281-20,??벅스  ?수?낙??커피??205784.4456,449451.9862,,,,,,,,,,,
139395,1,?울?별???등?구 ?산??가 16-7,??벅스 ?산??거리??커피??191177.5845,447965.6455,,,,,,,,,,,
139633,1,?울?별??강동?길동 457-4 거산 ?팰리스,??벅스 천호?로길?점,커피??212060.9351,448068.1746,,,,,,,,,,
140227,1,?울?별??중구 ?산??가 13-31,??벅스 명동?산,커피??198735.0683,450940.7599,,,,,,,,,,
141413,1,?울?별??중구 무교??32-2,??벅스 무교로점,커피??198068.0599,451666.7326,,,,,,,,,,
141842,1,?울?별??강남??성??159 ?셈?????벅스 코엑?아???점,커피??205130.5917,445590.0968,,,,,,,,,,,
143373,1,?울?별??종로??건??28-21 ?울??교 치과병원,??벅스 ?울?치과병원??커피??199824.096,452984.3605,,,,,,,,,,,
149198,1,?울?별???원??계??694번? 1???벅스?원마들??,커피??204957.5624,462039.1075,,,,,,,,,,,
149388,1,?울?별???원?공릉??597-34번?,??벅스 공릉DT??커피??206492.09,457601.6208,,,,,,,,,,,
149731,1,?울?별??마포??화??22번? 창강빌딩 1???벅스커피공덕?거리점,커피??195568.0067,448931.2947,,,,,,,,,,,
149794,1,?울?별??마포??암??1654번?,??벅스?암DMC??커피??190268.3507,452810.7427,,,,,,,,,,,
150293,1,?울?별??마포??수??86-22번? 1?2???,??벅스???거리점,커피??193151.4158,449777.8753,,,,,,,,,,
150375,1,?울?별??강남?????809-10번? ?석???지???201????벅스커피 강남?로점,커피??202196.5463,444552.1795,,,,,,,,,,,
150423,1,?울?별??강남??서??715번? ?서빌딩,??벅스 ?서?R??커피??209009.8641,442872.1606,,,,,,,,,,,
150439,1,?울?별??강남?????678-39번? 지?????벅스커피 ???로점,커피??203383.7287,444401.9945,,,,,,,,,,,
150454,1,?울?별??마포??공?동 69-2번?,??벅스마포?마??커피??195878.7415,449214.2533,,,,,,,,,,,
150482,1,?울?별??구로?구로??191-7번? ?이?테?노????101????,??벅스커피 구로???로??커피??190688.7475,442618.7857,,,,,,,,,,,
150584,1,?울?별??강남??치동 941-19번?,??벅스 ?치?마사거리??커피??205255.2667,444093.3688,,,,,,,,,,,
150702,1,?울?별??마포??교??490번?,??벅스?정메세?몰,커피??192311.6426,449855.6439,,,,,,,,,,
150765,1,?울?별??마포??화??50-1번? ?진빌딩 지?????벅스마포?진빌딩??커피??195189.0438,448689.2062,,,,,,,,,,,,
150795,1,?울?별??강남??성??159번?,??벅스 ???드코엑?몰R??커피??205130.5917,445590.0968,,,,,,,,,,,
150989,1,?울?별??강남??현??238-5번? 지?????벅스커피 ?울???거리점,커피??203107.2296,445867.6812,,,,,,,,,,,
151235,1,?울?별??강남?????825번?,??벅스 강남R??커피??202462.6048,443960.1863,,,,,,,,,,,
151236,1,?울?별??강남?????813-17번?,??벅스 강남?거리점,커피??202288.2365,444431.6944,,,,,,,,,,
151242,1,?울?별??강남??치동 651번?,??벅스커피 ?곡??,커피??205004.7797,443335.5182,,,,,,,,,,
151272,1,?울?별??강남??성??114-9번? ?피겐HQ A????벅스 봉??로 ?정릉점,커피??204212.7677,445457.6694,,,,,,,,,,,
151331,1,?울?별??구로?구로??1128-1번? 구로?텔1???벅스 커피 구로?텔??커피??190990.9558,442338.8424,,,,,,,,,,,,
151378,1,?울?별??강남??현??1-3번?,??벅스커피 ?사??,커피??201753.1885,446003.4452,,,,,,,,,,
151394,1,?울?별????문구 ?문??329-1번?,??벅스???문??커피??205162.3148,454785.7313,,,,,,,,,,,
151498,1,?울?별????문구 ?기??60-40번?,??벅스경희??거리점,커피??204524.9763,454361.7357,,,,,,,,,,
151504,1,?울?별??강남?????788-10번?,??벅스?곡공원??커피??203579.748,443435.1584,,,,,,,,,,,
151832,1,?울?별??구로?구로??212-1번? ?이?트???? 103????벅스 구로?이?점,커피??190600.9,442482.539,,,,,,,,,,,
151915,1,?울?별??강남??현??59-8번? 1???벅스커피코리????병원?거리점,커피??202468.1651,446326.897,,,,,,,,,,,
151964,1,?울?별????문구 ?십리동 497-67번?,??벅스?십리역??커피??204447.6981,451803.5584,,,,,,,,,,,
151994,1,?울?별????문구 ?설??76-10번?,??벅스 ?설?역,커피??202185.9385,452713.197,,,,,,,,,,
152061,1,?울?별??강남????52-1번? 1???벅스 커피 ???커피??204490.5416,446902.9583,,,,,,,,,,,,
152273,1,?울?별??구로?구로??222-7번? 코오롱디지???빌???101????벅스 구로?????점,커피??190776.4685,442370.1437,,,,,,,,,,,
152527,1,?울?별??강남?????832-3번?,??벅스 강남?성??커피??202645.88,443351.145,,,,,,,,,,,
152603,1,?울?별??강남????132-1번?,??벅스커피 ??동?로점,커피??204926.5006,446665.7213,,,,,,,,,,
152848,1,?울?별??강남??성??157-36번?,??벅스커피 ?스코사거리??커피??205009.5644,445042.3254,,,,,,,,,,,
153016,1,?울?별??강남??치동 960-5번?,??벅스 ?치사거리??커피??205136.9346,444576.067,,,,,,,,,,,
153078,1,?울?별??강남??사??533-11번?,??벅스커피 ?사가로수??커피??201918.7048,446631.3502,,,,,,,,,,,
153081,1,?울?별????문구 ?기??346-18번? 1??기???체캠퍼????벅스커피 ?기??거리??커피??204881.3132,454280.0406,,,,,,,,,,,,
153117,1,?울?별????문구 ?기??16-41번?,??벅스 경희???커피??204595.4983,454513.1812,,,,,,,,,,,
153198,1,?울?별????문구 ?안??433-7번?,??벅스 커피(?한?역??,커피??205717.4698,451120.5354,,,,,,,,,,
153406,1,?울?별??구로?구로??197-12번? ?세계아?엔?????센??1???벅스?세계아?엔?점,커피??190346.4386,442638.4493,,,,,,,,,,,
153411,1,?울?별????문구 ?문??305-60번?,??벅스????커피??205353.6245,454828.6061,,,,,,,,,,,
153490,1,?울?별??구로?구로??235-2번? ?이?하?엔????103????벅스구로?이?드??커피??190504.7782,442154.9928,,,,,,,,,,,,
153531,1,?울?별??강남??성??37-17번?,??벅스커피 ?정릉역??커피??203870.2672,445396.6942,,,,,,,,,,,
153913,1,?울?별???산??태?동 127-6번? 지??~지?????벅스?태?역??커피??199469.5244,448008.0048,,,,,,,,,,,,
153980,1,?울?별??광진?구의??75-19번?,??벅스?차?역??커피??207872.907,449818.8805,,,,,,,,,,,
154689,1,?울?별??중구 ??문로4가 17-19번? 1???벅스 ???문북창점,커피??197895.4912,451035.703,,,,,,,,,,,
155286,1,?울?별??종로??창??182-11번? ?라빌딩,??벅스 종로?창?점,커피??197025.8499,455981.0128,,,,,,,,,,
155380,1,?울?별??마포??강??112-2번? 근린?활?설1~2,??벅스마포?강?점,커피??194830.0064,448772.7949,,,,,,,,,,
155508,1,?울?별???천?목동 602-2번?,??벅스 ?촌??,커피??188272.4726,449639.4848,,,,,,,,,,
156097,1,?울?별??중구 ???가 18-131번? 1???벅스 ?중앙?료?점,커피??200492.7649,451583.8365,,,,,,,,,,,
167191,1,?울?별??구로??도림동 692번? ?큐브시???매 B201????,??벅스커피 ???큐?B2,커피??190107.0454,445157.6264,,,,,,,,,,
167192,1,?울?별??구로??도림동 692번? ?큐브시???매 201????,??벅스커피 ???큐?2F,커피??190107.0454,445157.6264,,,,,,,,,,
167442,1,?울?별??마포??교??395-166번? 1층일부,??벅스커피?교??커피??192602.6962,449899.3395,,,,,,,,,,,
167452,1,?울?별??마포??교??374-20번? 1???벅스커피 ?교?사거리,커피??192733.3762,450133.22,,,,,,,,,,,
167581,1,?울?별??구로??류??55-50,??벅스커피 ?류?역??커피??186212.0841,443782.5558,,,,,,,,,,,
167612,1,?울?별??마포??암??1603번? MBC?사??1???벅스커피 ?암MBC??커피??190282.7592,453213.1985,,,,,,,,,,,,
167614,1,?울?별??마포??수??63-14번? 구프?자 1층일부,??벅스커피?강???커피??194432.4475,450033.1213,,,,,,,,,,,
167623,1,?울?별??마포??교??205-6번?,??벅스커피?교??커피??192861.0646,450513.2473,,,,,,,,,,,
167714,1,?울?별??마포??고?동 54-1번?,??벅스커피 ?촌?거?커피??194160.0167,450323.8736,,,,,,,,,,,
167852,1,?울?별??마포??교??159-1번?,??벅스커피????커피??193185.6339,450550.6759,,,,,,,,,,,
167916,1,?울?별??마포??암??1647번? ?암???큐브빌??1층일부,??벅스?암???큐브점,커피??190144.1432,452658.5259,,,,,,,,,,
168496,1,?울?별??종로??숭??1-31번? ?덕빌딩,??벅스 ?화??,커피??200123.4377,453357.2947,,,,,,,,,,
169032,1,?울?별??강동?명일??312-28번?,??벅스 명일??,커피??212636.289,450041.6562,,,,,,,,,,
170044,1,?울?별??중구 명동1가 10-1번? 명동?트?빌??1?????벅스 명동?트?점,커피??198625.2543,451373.686,,,,,,,,,,,
171356,1,?울?별???작??당??147-29 ?수?이,??벅스 ?수?이??커피??198202.4725,442471.241,,,,,,,,,,,
171542,1,?울?별??강남??치동 599 ??빌????벅스 ?탈릿?치B1??커피??205464.7204,443592.9735,,,,,,,,,,,,
171761,1,?울?별??강동?고덕??210-1 고덕?트?푸르?????벅스 ?일?역??커피??214958.714,450615.471,,,,,,,,,,,,
172412,1,?울?별??마포??교??165-1 미래?라????벅스 ????번출구점,커피??193229.0925,450500.6866,,,,,,,,,,,
173075,1,?울?별???산??강?가 63-70,??벅스?산?링?스?어??커피??197071.4032,447073.6228,,,,,,,,,,,
173760,1,?울?별??중랑?중화??306-68 중화??HS빌딩,??벅스 중화??,커피??206852.3902,455508.596,,,,,,,,,,
174233,1,?울?별??강남?????755 ?솔?리????벅스 ???마?점,커피??204213.6432,444113.0282,,,,,,,,,,,
175199,1,?울?별??강남?????702-10 ?남??빌????벅스 ?헤?로아???점,커피??203894.0314,444624.8182,,,,,,,,,,,
176331,1,?울?별??강남??치동 922-1 SH?????벅스 ?치한?점,커피??204537.4607,444036.1667,,,,,,,,,,,
